Medicine_ID,DrugName,Formulation,Category,Batch_No,Manufacture_Date,Expiry_Date,Current_Stock,Min_Required,Max_Capacity,Unit_Cost,Avg_Usage_Per_Day,Restock_Lead_Time_Days,Reorder_Level,Stock_Cover_Days,Vendor_ID
M07208F17,LIGNOCAINE HYDROCHLORIDE 2% INJ,Injection,Parenteral,BATCH1803,2023-02-21,2024-02-21,230,32,845,127.1,3,6,35,77,V923
M09598F70,ADRENALINE INJ 1ML,Injection,Parenteral,BATCH7964,2023-08-12,2024-08-11,78,79,925,182.88,6,7,87,13,V775
M359D09B5,LIQUID PARAFFIN 100ML,Other,Other,BATCH6890,2023-06-24,2025-06-23,195,69,949,34.44,14,9,76,14,V307
M524E5E35,ESOMEPRAZOLE 40MG,Other,Other,BATCH4949,2023-02-19,2025-02-18,260,43,381,183.12,7,3,47,37,V270
M589A5AA4,WATER FOR INJECTION 10ML SOLUTION,Injection,Parenteral,BATCH4896,2023-03-03,2024-03-02,476,53,685,180.99,12,9,58,40,V711
M5CEBC352,BUPIVACAINE 5MG,Other,Other,BATCH8726,2023-07-27,2025-07-26,88,29,320,166.67,14,6,32,6,V155
M7CB62E6B,POTASSIUM CHLORIDE 150MG,Other,Other,BATCH1773,2023-09-21,2025-09-20,309,98,768,128.1,7,3,108,44,V583
M819BBF11,PANTOPRAZOLE 40MG TAB,Tablet,Oral,BATCH7275,2023-09-22,2025-09-21,462,39,532,125.93,13,9,43,36,V503
M88CFFCD7,ANHYDROUS DEXTROSE 1000MG + ASCORBIC ACID 500MG + NIACINAMIDE 160MG + PYRIDOXINE 50MG + RIBOFLAVINE 4MG + THIAMINE 250MG,Other,Other,BATCH2813,2023-07-04,2025-07-03,412,44,770,129.65,8,4,48,52,V769
M8AF3D92B,MESNA 200MG INJ,Injection,Parenteral,BATCH1847,2023-11-13,2024-11-12,466,60,748,139.65,3,6,66,155,V282
M92784EBD,SODIUM PHOSPHATE 1.963GM POWDER,Powder,Bulk/Raw Material,BATCH5737,2023-07-11,2025-07-10,126,73,994,8.21,8,7,80,16,V785
M96A9A48C,PIPERACILLIN 4GM+ TAZOBACTAM 500MG,Other,Other,BATCH9779,2023-03-26,2025-03-25,410,60,590,191.83,9,2,66,46,V728
MA0A57DD3,SODIUM CHLORIDE 0.85G + POTASSIUM CHLORIDE 0.038G + CALCIUM CHLORIDE 0.070G,Other,Other,BATCH7621,2023-10-18,2025-10-17,473,60,473,119.19,1,3,66,473,V314
MA6CD5ECA,NIFEDIPINE 10MG TAB,Tablet,Oral,BATCH7849,2023-05-23,2025-05-22,196,66,621,157.39,17,7,73,12,V420
MD439CC1C,,Other,Other,BATCH7456,2023-07-12,2025-07-11,274,88,330,78.57,11,4,97,25,V159
MD6A74331,DYDROGESTERONE 10MG TAB,Tablet,Oral,BATCH8073,2023-06-07,2025-06-06,288,51,289,7.42,1,2,56,288,V503
MDA0C9485,PARACETAMOL 650MG TAB,Tablet,Oral,BATCH5618,2023-02-15,2025-02-14,272,86,615,104.4,17,2,95,16,V334
MDFD04195,LIQUID PARAFFIN + MILK OF MAGNESIA,Other,Other,BATCH2152,2023-11-02,2025-11-01,180,82,860,103.9,17,8,90,11,V202
M06972EAB,GLIMEPRIDE 1MG,Other,Other,BATCH8556,2023-11-23,2025-11-22,486,96,626,90.21,1,3,106,486,V603
M205EBD3D,PIPERACILLIN 4GM+ TAZOBACTAM 500MG,Other,Other,BATCH5053,2023-04-18,2025-04-17,480,93,825,71.24,4,2,102,120,V610
M75686486,CARBOXYMETHYL CELLULOSE 10ML,Other,Other,BATCH5502,2023-02-21,2025-02-20,221,83,342,53.72,7,6,91,32,V177
M85DA53BF,MULTIPLE ELECTROLYTES 500ML IVF,Other,Other,BATCH4336,2023-09-10,2025-09-09,412,39,559,107.87,10,2,43,41,V266
M986DC4CF,AMLODIPINE 10MG,Other,Other,BATCH2642,2023-01-27,2025-01-26,228,81,690,78.18,14,7,89,16,V174
MB197DEFB,CEFUROXIME 1.5GM INJ,Injection,Parenteral,BATCH9339,2023-06-25,2024-06-24,407,78,478,194.14,9,6,86,45,V710
MC92F3900,CEFTRIAXONE 1GM,Other,Other,BATCH8033,2023-09-22,2025-09-21,211,43,211,38.72,12,7,47,18,V403
MC940D7BA,CEFOPERAZONE 1GM + SULBACTAM 500MG INJ,Injection,Parenteral,BATCH6794,2023-10-06,2024-10-05,258,74,258,67.33,1,5,81,258,V163
MCDFD18C3,LEVOSALBUTAMOL/LEVALBUTEROL 0.63MG RESPULES,Other,Other,BATCH4621,2023-05-13,2025-05-12,107,40,942,62.32,13,8,44,8,V272
MD3692BF5,N-ACETYLCYSTEINE 200MG/2ML INJ,Injection,Parenteral,BATCH8404,2023-06-02,2024-06-01,344,61,684,110.95,18,7,67,19,V977
M01F673D0,TELMISARTAN 40MG TAB,Tablet,Oral,BATCH5908,2023-07-05,2025-07-04,194,83,411,102.36,10,5,91,19,V329
M0586AA32,METHYLPREDNISOLONE 125MG INJ,Injection,Parenteral,BATCH4990,2023-09-19,2024-09-18,147,35,407,130.53,9,2,38,16,V715
M1D93EE73,DEXMEDETOMIDINE 100MCG/ML 2ML INJ,Injection,Parenteral,BATCH5053,2023-12-21,2024-12-20,136,46,231,190.25,6,4,51,23,V521
M23DD876E,RIFAXIMIN 550MG TAB,Tablet,Oral,BATCH3044,2023-05-27,2025-05-26,491,83,955,60.62,19,3,91,26,V263
M2817AD8E,LANSOPRAZOLE 15MG TAB,Tablet,Oral,BATCH1829,2023-05-09,2025-05-08,96,56,286,140.09,1,2,62,96,V376
M29D26885,PARACETAMOL 125MG / 5ML SYP,Other,Other,BATCH5990,2023-11-11,2025-11-10,409,96,807,9.88,6,4,106,68,V112
M2B63B507,PANTOPRAZOLE 40MG INJ,Injection,Parenteral,BATCH8990,2023-01-13,2024-01-13,392,20,392,56.17,3,3,22,131,V771
M2CA67160,GLYCERYL TRINITRATE 5MG,Other,Other,BATCH1574,2023-10-06,2025-10-05,63,77,468,95.43,17,2,85,4,V400
M2DCCAFFE,MEROPENEM 500MG INJ,Injection,Parenteral,BATCH8723,2023-06-04,2024-06-03,315,85,419,11.04,10,4,94,32,V548
M3D01D8CF,DEXTROSE 10%W/V 500ML IVF,Other,Other,BATCH8447,2023-09-13,2025-09-12,309,93,859,125.45,18,6,102,17,V237
M3E5A3DA8,HEPARIN10IU + SODIUM CHLORIDE + BENZYL  ALCOHOL 2ML INJ,Injection,Parenteral,BATCH3490,2023-04-07,2024-04-06,211,32,226,137.27,13,3,35,16,V840
M3F1473FD,MULTIPLE ELECTROLYTES 500ML IVF,Other,Other,BATCH6684,2023-07-19,2025-07-18,350,98,481,150.61,11,4,108,32,V296
M3FB40B2F,GLYCERYL TRINITRATE 25MG/5ML,Other,Other,BATCH2486,2023-12-12,2025-12-11,233,51,423,105.73,10,2,56,23,V609
M4139084D,MULTIVITAMINS AND MULTIMINERALS TAB,Tablet,Oral,BATCH7822,2023-02-23,2025-02-22,247,48,418,122.77,4,2,53,62,V884
M45AD27EE,SODIUM CHLORIDE 2.6GM + POTASSIUM CHLORIDE 1.5GM + SODIUM CITRATE 2.9GM + DEXTROSE ANHYDROUS 13.5GM POWDER,Powder,Bulk/Raw Material,BATCH7304,2023-08-19,2025-08-18,244,48,354,82.23,11,3,53,22,V741
M4EADB076,SODIUM ACID PHOSPHATE 1.936GM POWDER,Powder,Bulk/Raw Material,BATCH4190,2023-02-09,2025-02-08,410,71,929,13.04,14,5,78,29,V642
M59F2795F,OCTREOTIDE 100MCG 1ML INJ,Injection,Parenteral,BATCH1611,2023-10-23,2024-10-22,334,72,502,24.49,19,7,79,18,V898
M5ADBC2B8,,Other,Other,BATCH9735,2023-06-22,2025-06-21,220,57,534,132.72,11,8,63,20,V258
M6067B50D,ENOXAPARIN 40MG,Other,Other,BATCH5010,2023-11-11,2025-11-10,467,25,508,199.13,18,7,28,26,V966
M6539F3DA,BUDESONIDE 2ML,Other,Other,BATCH9037,2023-11-08,2025-11-07,410,98,984,8.08,18,6,108,23,V600
M714B2249,SODIUM CHLORIDE 600MG + SODIUM LACTATE 320MG + POTASSIUM CHLORIDE 40MG + CALCIUM CHLORIDE 27MG/100ML,Other,Other,BATCH7100,2023-03-19,2025-03-18,469,37,471,113.73,10,9,41,47,V468
M77D4C6F3,AMINO ACID SOLUTION FOR INJECTION TPN 100ML,Injection,Parenteral,BATCH8004,2023-08-04,2024-08-03,378,27,473,151.45,9,4,30,42,V329
M78338F2D,DEXTROSE 50%W/V 25ML INJ,Injection,Parenteral,BATCH7838,2023-10-06,2024-10-05,226,67,462,166.22,3,8,74,75,V769
M7ACE1B22,MAGNESIUM OXIDE 400MG TAB,Tablet,Oral,BATCH2751,2023-10-01,2025-09-30,397,52,461,111.31,6,9,57,66,V977
M7E71BB85,NEOSTIGMINE 5ML INJ,Injection,Parenteral,BATCH4274,2023-10-22,2024-10-21,198,69,271,125.88,17,6,76,12,V720
M8E0BF12E,PARACETAMOL 1GM IV INJ,Injection,Parenteral,BATCH5200,2023-10-18,2024-10-17,171,90,683,140.86,3,8,99,57,V129
M8F81BF8A,PHENOBARBITONE 200MG,Other,Other,BATCH5479,2023-06-20,2025-06-19,220,27,220,172.5,8,3,30,28,V521
M98C6CEAC,DEXAMETHASONE 4MG/2ML INJ,Injection,Parenteral,BATCH1394,2023-04-22,2024-04-21,380,42,380,28.85,14,9,46,27,V758
M9DFFD50E,ONDANSETRON 2MG/ML,Other,Other,BATCH5918,2023-07-13,2025-07-12,305,61,361,185.61,5,6,67,61,V457
M9FE39288,SODIUM CHLORIDE IVF 100ML,Other,Other,BATCH2388,2023-07-16,2025-07-15,222,83,433,10.07,19,3,91,12,V794
MA88EC1A5,EPHEDRINE 30MG,Other,Other,BATCH7689,2023-01-04,2025-01-03,257,68,805,168.06,13,2,75,20,V735
MACDF09FB,FUROSEMIDE 10MG/ML,Other,Other,BATCH7146,2023-03-04,2025-03-03,181,50,679,19.96,1,7,55,181,V160
MB09CF3FA,FLUCONAZOLE 100ML INJ,Injection,Parenteral,BATCH9301,2023-06-19,2024-06-18,346,68,992,42.95,5,5,75,69,V601
MB47CE115,DOXYCYCLINE 100MG + LACTOBACILLUS 5 BILLION SPORES CAP,Capsule,Oral,BATCH7702,2023-08-13,2025-08-12,207,98,480,5.76,15,4,108,14,V254
MB8AA57E2,PARACETAMOL 170MG SUPPOSITIRY,Other,Other,BATCH4299,2023-11-16,2025-11-15,299,58,942,91.83,17,5,64,18,V537
MC23A037D,PROPOFOL 1% 10ML INJ,Injection,Parenteral,BATCH9706,2023-01-21,2024-01-21,216,90,235,70.2,18,9,99,12,V445
MCACED35F,TRAMADOL,Other,Other,BATCH4697,2023-07-18,2025-07-17,194,82,603,37.37,17,5,90,11,V825
MD956AD75,PROPOFOL 1% 20ML INJ,Injection,Parenteral,BATCH3932,2023-07-15,2024-07-14,486,44,839,92.96,2,2,48,243,V880
ME34FCC35,DEXTROSE 5% W/V IV FLUID,Other,Other,BATCH9148,2023-02-16,2025-02-15,205,39,625,83.46,14,4,43,15,V514
ME7E8E891,ATROPINE SULPHATE 0.6MG,Other,Other,BATCH4333,2023-10-09,2025-10-08,81,81,946,154.69,3,3,89,27,V582
MEAAB6516,METHOTREXATE 15MG INJ,Injection,Parenteral,BATCH1687,2023-08-01,2024-07-31,220,36,451,179.16,2,7,40,110,V662
MEE802468,SODIUM CHLORIDE 0.9%,Other,Other,BATCH5225,2023-05-12,2025-05-11,226,46,226,132.25,14,8,51,16,V689
MEF0D8576,SODIUM CHLORIDE 0.9%,Other,Other,BATCH8160,2023-12-06,2025-12-05,92,38,819,29.26,10,8,42,9,V671
MEF9CB28E,MORPHINE SULPHATE 10MG/ML INJ,Injection,Parenteral,BATCH2705,2023-04-12,2024-04-11,187,68,254,62.6,13,7,75,14,V803
MF8176364,HYDROCORTISONE 100MG INJ,Injection,Parenteral,BATCH5166,2023-12-24,2024-12-23,124,43,811,183.1,17,8,47,7,V982
MFD6762A5,DALTEPARIN SODIUM 5000IU INJ,Injection,Parenteral,BATCH2169,2023-01-07,2024-01-07,275,72,786,22.3,2,5,79,138,V844
M03DC3C81,DEXTROSE 5GM + SODIUM CHLORIDE 0.9%W/V 500ML IV FLUID,Other,Other,BATCH7177,2023-10-02,2025-10-01,375,94,875,84.34,11,7,103,34,V221
M05D026E7,PREDNISOLONE 10 MG,Solution,Parenteral,BATCH5280,2023-11-08,2025-11-07,485,86,583,188.79,16,2,95,30,V528
M158718C1,BISACODYL 10MG,Other,Other,BATCH3971,2023-12-08,2025-12-07,225,95,916,190.38,9,6,105,25,V514
M2CF99A2F,PIPERACILLIN 1GM + TAZOBACTAM 125MG,Other,Other,BATCH3041,2023-06-18,2025-06-17,335,21,335,85.18,10,6,23,34,V557
M41BA46C2,VITAMIN B1 + B6 + B9 + MINERALS TAB,Tablet,Oral,BATCH6079,2023-02-16,2025-02-15,146,56,547,135.14,10,2,62,15,V575
M5FEA3549,TENOFOVIR ALAFENAMIDE 25MG TAB,Tablet,Oral,BATCH7027,2023-07-22,2025-07-21,297,37,297,94.07,18,6,41,16,V745
M607F5C1E,DALTEPARIN SODIUM 2500IU INJ,Injection,Parenteral,BATCH9461,2023-12-18,2024-12-17,303,93,813,151.92,1,7,102,303,V478
M7BB00F72,VITAMIN K 1ML INJ,Injection,Parenteral,BATCH4933,2023-05-11,2024-05-10,391,76,771,11.16,17,4,84,23,V336
M8A51E87D,AMLODIPINE 5MG,Other,Other,BATCH2446,2023-06-22,2025-06-21,389,45,845,33.11,16,6,50,24,V511
MA3417DDE,TELMISARTAN 20MG TAB,Tablet,Oral,BATCH8493,2023-04-05,2025-04-04,289,65,811,124.77,16,4,72,18,V868
MCDF1E9EE,AMPHOTERICIN B 50MG,Other,Other,BATCH6667,2023-05-01,2025-04-30,165,68,446,50.35,8,4,75,21,V379
MDE6E5699,CEFOPERAZONE 1GM + SULBACTAM 1GM INJ,Injection,Parenteral,BATCH7301,2023-02-03,2024-02-03,254,59,254,134.88,10,3,65,25,V118
ME7C046BF,FORMOTEROL 20MCG + BUDESONIDE 0.5MG,Other,Other,BATCH1874,2023-10-20,2025-10-19,422,57,943,73.49,8,4,63,53,V977
M197D4FB0,LEVETIRACETAM 100MG/ML INJ,Injection,Parenteral,BATCH3810,2023-09-13,2024-09-12,486,24,594,177.9,5,8,26,97,V275
M304063EC,KETAMINE HCL 100MG INJ,Injection,Parenteral,BATCH7909,2023-09-05,2024-09-04,275,56,275,164.76,17,9,62,16,V641
M480C378A,SUCRALFATE 500MG/5ML,Other,Other,BATCH8489,2023-11-14,2025-11-13,131,47,941,101.1,10,7,52,13,V819
M53B1D3CA,GLYCOPYRROLATE,Other,Other,BATCH4916,2023-12-05,2025-12-04,318,85,995,155.71,14,6,94,23,V346
M54656D6B,LEVETIRACETAM 1GM TAB,Tablet,Oral,BATCH8242,2023-06-19,2025-06-18,97,89,556,57.87,2,6,98,48,V405
M65E8421D,LEVOSALBUTAMOL 1.25MG + IPRATROPIUM BROMIDE 500MCG RESPULES,Other,Other,BATCH8574,2023-06-13,2025-06-12,351,80,816,101.38,15,5,88,23,V352
M6D583F71,CLOTRIMAZOLE 1%W/W POWDER,Powder,Bulk/Raw Material,BATCH4486,2023-02-11,2025-02-10,229,22,229,43.51,13,5,24,18,V234
M85A77DAF,HEPARIN 5000IU INJ,Injection,Parenteral,BATCH9081,2023-03-09,2024-03-08,73,87,274,172.87,19,6,96,4,V237
M94817FF2,POTASSIUM CHLORIDE 150MG,Other,Other,BATCH3594,2023-09-18,2025-09-17,345,51,421,165.5,3,8,56,115,V267
M984C41C6,ORAL REHYDRATION SALTS POWDER,Powder,Bulk/Raw Material,BATCH3155,2023-08-10,2025-08-09,475,53,724,180.92,11,5,58,43,V511
MACB7D1EE,PHENERAMINE MALEATE 22.75MG/2ML,Other,Other,BATCH7141,2023-12-03,2025-12-02,306,95,306,176.11,10,6,105,31,V577
MBB10AFDC,ACYCLOVIR 400MG TAB,Tablet,Oral,BATCH6730,2023-05-04,2025-05-03,226,89,227,192.12,11,5,98,21,V114
MC7368474,CALCIUM FOLINATE 50MG,Other,Other,BATCH2257,2023-05-26,2025-05-25,96,24,735,49.53,2,4,26,48,V860
MC915685D,TIGECYCLINE 50MG INJ,Injection,Parenteral,BATCH8493,2023-05-25,2024-05-24,465,48,816,186.71,9,4,53,52,V707
MEAE50FEE,MORPHINE SULPHATE 10MG TAB,Tablet,Oral,BATCH2798,2023-06-19,2025-06-18,464,79,791,116.39,6,2,87,77,V163
MEB1A1F4D,MEROPENEM 1GM INJ,Injection,Parenteral,BATCH8243,2023-06-08,2024-06-07,310,63,839,87.39,12,5,69,26,V857
MF8FD4952,VASOPRESSIN 1ML INJ,Injection,Parenteral,BATCH1066,2023-10-27,2024-10-26,490,40,842,114.27,5,7,44,98,V127
M49F2F841,METOCLOPROMIDE 2ML/10MG INJ,Injection,Parenteral,BATCH8170,2023-04-22,2024-04-21,52,61,681,71.81,9,7,67,6,V603
M83D7B9BF,SODIUM CHLORIDE 0.45%,Other,Other,BATCH8081,2023-04-20,2025-04-19,327,89,615,61.27,12,9,98,27,V518
MA1CAE475,RANITIDINE 150MG TAB,Tablet,Oral,BATCH8022,2023-10-13,2025-10-12,67,37,885,52.06,2,2,41,34,V551
MD2BC31EC,FLUDRABINE PHOSPHATE 50MG,Other,Other,BATCH6982,2023-09-08,2025-09-07,471,79,478,21.07,15,8,87,31,V959
MF784E592,SODIUM BICARBONATE 8.5% INJ,Injection,Parenteral,BATCH5243,2023-01-03,2024-01-03,278,78,278,101.83,14,8,86,20,V933
M4DF3D36D,DEXTROSE 25%W/V IVF,Other,Other,BATCH7345,2023-06-25,2025-06-24,461,90,801,178.11,2,5,99,230,V350
M605B5EC7,LIQUID PARAFFIN + MAGNESIUM HYDROXIDE + SODIUM PICOSULFATE,Other,Other,BATCH3493,2023-02-13,2025-02-12,303,43,420,127.88,2,4,47,152,V621
M77620AB3,METFORMIN 500MG TAB,Tablet,Oral,BATCH8025,2023-09-06,2025-09-05,87,37,983,106.59,17,4,41,5,V962
M8F8009A7,HUMAN ALBUMIN 25% INJ,Injection,Parenteral,BATCH6000,2023-09-09,2024-09-08,61,63,531,88.58,6,7,69,10,V755
M93BA3023,SODIUM CHLORIDE 0.9% IVF 1000ML,Other,Other,BATCH5129,2023-10-16,2025-10-15,201,62,881,95.56,17,8,68,12,V898
MC67EF166,RIFAXIMIN 400MG TAB,Tablet,Oral,BATCH5549,2023-07-05,2025-07-04,233,52,233,45.81,10,7,57,23,V490
MCCBEEB92,DICLOFENAC 1ML INJ,Injection,Parenteral,BATCH6118,2023-06-24,2024-06-23,117,82,727,165.47,7,6,90,17,V354
MD1E9F4EF,SALBUTAMOL 2.5MG,Other,Other,BATCH1335,2023-01-21,2025-01-20,433,83,558,43.68,6,7,91,72,V559
M17DD63B2,SODIUM CHLORIDE 3%,Other,Other,BATCH2258,2023-06-20,2025-06-19,157,39,570,144.74,13,2,43,12,V834
M28D65024,VINBLASTINE 10MG INJ,Injection,Parenteral,BATCH3209,2023-08-12,2024-08-11,273,83,412,153.2,3,6,91,91,V935
M34698845,STERIL WATER FOR INJECTION 1000ML SOLUTION,Injection,Parenteral,BATCH2030,2023-04-17,2024-04-16,141,38,976,117.1,8,2,42,18,V716
M394BD837,RANITIDINE 75MG/5ML SYP,Other,Other,BATCH4956,2023-02-16,2025-02-15,259,52,514,173.27,7,9,57,37,V735
M3F2E2D7C,BUPRENORPHINE 0.3MG,Other,Other,BATCH7014,2023-02-18,2025-02-17,253,22,880,61.75,3,9,24,84,V560
M4553925D,NIFEDIPINE 5MG CAP,Capsule,Oral,BATCH6889,2023-08-03,2025-08-02,52,47,540,176.92,7,6,52,7,V387
MDB7E5D77,ZINC OXIDE + CALENDULA + ALOE + JOJOBA OIL 100ML CREAM,Other,Other,BATCH5239,2023-10-12,2025-10-11,238,96,238,147.24,11,4,106,22,V480
M2FB9C637,NUTRITIONAL SUPPLEMENT POWDER,Powder,Bulk/Raw Material,BATCH8694,2023-10-02,2025-10-01,403,55,903,160.76,13,7,61,31,V547
M3F8C174D,COLLOIDAL SILVER 32PPM,Other,Other,BATCH6086,2023-03-14,2025-03-13,348,76,348,134.59,2,7,84,174,V833
M4D9E7CEC,CALCIUM PANTOTHENATE 50MG + CYANOCOBALAMIN 15MCG + NIACINAMIDE 45MG + PYRIDOXINE 3MG + RIBOFLAVINE 10MG + THIAMINE MONONITRATE 10MG,Other,Other,BATCH1712,2023-03-09,2025-03-08,198,28,416,170.04,17,7,31,12,V599
M8F3C4BE9,GABAPENTIN 300MG + NORTRYPTILINE 10MG TAB,Tablet,Oral,BATCH7884,2023-08-04,2025-08-03,446,70,888,198.65,17,6,77,26,V812
MB4ED8FCF,POLYANTIBIOTIC RESISTANT BACILLUS CLAUSII 2BILLION SPORES,Other,Other,BATCH6170,2023-09-03,2025-09-02,445,49,914,86.93,14,3,54,32,V124
ME521E41E,ACEBROPHYLLINE 200MG TAB,Tablet,Oral,BATCH6711,2023-03-16,2025-03-15,494,79,933,163.71,18,2,87,27,V780
ME53F554B,ESOMEPRAZOLE 40MG,Other,Other,BATCH6087,2023-10-05,2025-10-04,217,94,540,150.19,9,4,103,24,V555
MFAD31419,POTASSIUM CHLORIDE 0.5GM/5ML,Other,Other,BATCH5981,2023-04-25,2025-04-24,432,62,805,93.31,16,6,68,27,V997
M420AD511,PANTOPRAZOLE 40MG INJ,Injection,Parenteral,BATCH1815,2023-12-16,2024-12-15,304,28,462,185.76,14,5,31,22,V524
M44443397,NORADRENALINE 2ML INJ,Injection,Parenteral,BATCH6032,2023-06-10,2024-06-09,76,58,792,81.91,11,6,64,7,V530
M4CB91ED7,MICAFUNGIN 50MG INJ,Injection,Parenteral,BATCH8153,2023-08-16,2024-08-15,171,29,602,115.27,4,4,32,43,V214
M8272166B,SODIUM CHLORIDE 0.45%,Other,Other,BATCH3735,2023-04-01,2025-03-31,241,55,241,25.66,11,9,61,22,V825
M9F489AC5,L LEUCINS 2.3GM + L VALINE 1.5GM + L ISOLEUCINE 1.2GM SACHET,Solution,Parenteral,BATCH6424,2023-02-26,2025-02-25,122,24,534,49.03,18,4,26,7,V730
MBBD1E129,LEVOSALBUTAMOL 1.25MG RESPULES,Other,Other,BATCH1277,2023-06-14,2025-06-13,245,71,574,168.94,19,8,78,13,V875
MCF08617D,N-ACETYLCYSTEINE 1000MG/5ML INJ,Injection,Parenteral,BATCH4127,2023-06-22,2024-06-21,398,44,405,82.33,9,5,48,44,V183
M0ADF302D,MIDAZOLAM 10MG/10ML INJ,Injection,Parenteral,BATCH4930,2023-01-03,2024-01-03,117,36,499,81.85,5,5,40,23,V290
M0B1DB4A2,PARACETAMOL 1GM IV INJ,Injection,Parenteral,BATCH9843,2023-04-14,2024-04-13,273,21,602,52.97,15,6,23,18,V888
M1762C319,FILGRASTIM 300MCG,Other,Other,BATCH2931,2023-09-14,2025-09-13,146,91,239,100.86,2,4,100,73,V137
M1F406999,ENOXAPARIN 60MG,Other,Other,BATCH3488,2023-06-26,2025-06-25,291,86,321,162.13,3,3,95,97,V556
M22467FA8,CALCIUM FOLINATE 15MG,Other,Other,BATCH4676,2023-02-16,2025-02-15,158,84,813,179.56,11,5,92,14,V463
M433366EC,CYTARABINE 100MG,Other,Other,BATCH9932,2023-07-13,2025-07-12,481,24,481,18.67,19,8,26,25,V944
M6FDEBD5E,PEGASPARGASE 3750IU,Other,Other,BATCH8679,2023-10-08,2025-10-07,84,47,686,117.09,7,3,52,12,V870
M8068172C,METRONIDAZOLE 500MG/100ML IVF,Other,Other,BATCH1312,2023-12-09,2025-12-08,483,97,652,96.12,9,5,107,54,V906
M8E20CBA3,URSODEOXYCHOLIC ACID SUSP,Other,Other,BATCH3105,2023-07-15,2025-07-14,406,66,640,124.78,7,7,73,58,V359
M9A1CB6BE,SODIUM CHLORIDE 0.9%,Other,Other,BATCH8394,2023-11-12,2025-11-11,435,30,530,92.22,9,7,33,48,V628
MC0E818B2,CYCLOPHOSPHAMIDE 500MG,Other,Other,BATCH1524,2023-04-01,2025-03-31,433,31,586,82.74,1,5,34,433,V729
MFD57D6E5,OXALIPLATINÃ‚\xa050MG,Other,Other,BATCH8700,2023-05-23,2025-05-22,134,41,859,97.02,12,2,45,11,V969
M0EC75C58,MAGNESIUM SULPHATE 2ML INJ,Injection,Parenteral,BATCH3532,2023-01-25,2024-01-25,468,97,972,118.49,12,2,107,39,V106
M0F2F58FC,FOLIC ACID 5MG,Other,Other,BATCH9257,2023-07-04,2025-07-03,317,33,405,102.69,6,5,36,53,V978
M2974AF6E,ISOXSUPRINE 5MG/ML,Other,Other,BATCH3642,2023-04-15,2025-04-14,482,92,735,97.07,6,8,101,80,V419
M32C65EAD,FLUCONAZOLE 50MG TAB,Tablet,Oral,BATCH4908,2023-04-03,2025-04-02,445,74,975,164.48,15,2,81,30,V215
M3DEE298E,LIQUID PARAFFIN 100ML,Other,Other,BATCH6956,2023-08-19,2025-08-18,206,93,206,150.4,4,9,102,52,V653
M5897F6BC,LACTULOSE 150ML SYP,Other,Other,BATCH2136,2023-02-08,2025-02-07,218,86,827,71.57,1,7,95,218,V802
M61572041,COLISTIMETHATE SODIUM 1MIU,Other,Other,BATCH6012,2023-03-18,2025-03-17,102,46,597,161.11,1,2,51,102,V216
M6C081A1D,HUMAN ALBUMIN 5% 250ML INJ,Injection,Parenteral,BATCH5544,2023-09-20,2024-09-19,95,86,974,171.46,17,4,95,6,V136
M72B25B2E,N-ACETYLCYSTEINE 1000MG/5ML INJ,Injection,Parenteral,BATCH8054,2023-12-21,2024-12-20,225,33,662,34.93,7,3,36,32,V906
M76532FFF,BUPIVACAINE 0.25%,Other,Other,BATCH9963,2023-04-03,2025-04-02,414,43,870,118.62,2,9,47,207,V939
M781BCFEA,FENTANYL 100MCG/2ML,Other,Other,BATCH6978,2023-08-25,2025-08-24,277,36,332,60.64,17,6,40,16,V240
M905D5424,FERRIC CARBOXYMALTOSE 50MG/ML,Other,Other,BATCH4682,2023-12-07,2025-12-06,266,30,313,149.14,3,4,33,89,V912
M92B2314A,INSULIN GLARGINE 100IU/ML 3ML INJ,Injection,Parenteral,BATCH4657,2023-03-02,2024-03-01,160,27,941,51.56,7,4,30,23,V917
MCE34A7DA,VITAMIN A 25000 IU CAP,Capsule,Oral,BATCH4761,2023-02-15,2025-02-14,303,34,621,135.92,1,6,37,303,V996
ME3CAD025,SODIUM CHLORIDE 3%,Other,Other,BATCH8325,2023-07-11,2025-07-10,337,29,646,54.75,13,2,32,26,V294
ME492114D,RINGER LACTATE  500ML IV FLUIDS,Other,Other,BATCH3890,2023-04-23,2025-04-22,335,50,335,104.67,14,4,55,24,V620
M026B8354,CEFOTAXIME 500MG,Other,Other,BATCH2502,2023-06-22,2025-06-21,378,25,381,189.99,15,3,28,25,V993
M5F760867,MAGNESIUM SULPHATE 15GM PASTE,Other,Other,BATCH4008,2023-12-09,2025-12-08,323,24,854,79.35,5,6,26,65,V911
M23B3D3DA,MULTIVITAMIN + MINERALS + TRACE ELEMENTS TAB,Tablet,Oral,BATCH1204,2023-03-26,2025-03-25,442,99,442,175.77,7,7,109,63,V643
M2C48F8AA,HUMAN INSULIN 40IU INJ,Injection,Parenteral,BATCH1955,2023-08-08,2024-08-07,241,27,667,197.45,18,5,30,13,V277
M577F49AE,SODIUM CHLORIDE 0.9% IVF 1000ML,Other,Other,BATCH1810,2023-08-14,2025-08-13,453,25,453,175.6,16,3,28,28,V175
M910153C9,ISOXSUPRINE 10MG,Other,Other,BATCH7943,2023-11-07,2025-11-06,216,22,410,37.34,1,4,24,216,V332
M0E9D560E,PARACETAMOL 325MG + CHLORZOXAZONE 500MG + DICLOFENAC 50MG TAB,Tablet,Oral,BATCH7500,2023-12-26,2025-12-25,107,30,332,164.83,14,8,33,8,V158
M6CA43C08,ROSUVASTATIN 10MG TAB,Tablet,Oral,BATCH7270,2023-03-05,2025-03-04,237,62,943,11.27,16,3,68,15,V275
M779A0CC5,CALCIUM POLYSTYRENE SULFONATE 15GM POWDER,Powder,Bulk/Raw Material,BATCH5156,2023-07-02,2025-07-01,107,86,952,81.69,11,3,95,10,V167
M2AD0D67F,ENOXAPARIN 20MG,Other,Other,BATCH7452,2023-04-12,2025-04-11,103,78,292,174.79,13,2,86,8,V785
M4A1BF0C3,METHYLPREDNISOLONE 1GM INJ,Injection,Parenteral,BATCH2451,2023-12-27,2024-12-26,446,66,482,139.31,1,8,73,446,V630
M51D7EDDC,DILTIAZEM 30MG TAB,Tablet,Oral,BATCH9104,2023-02-25,2025-02-24,407,26,651,108.88,1,2,29,407,V565
M807803C0,ATRACURIUM BESYLATE 25MG/2.5ML,Other,Other,BATCH5508,2023-02-21,2025-02-20,149,81,506,80.63,1,6,89,149,V827
MB078BCAC,URSODEOXYCHOLIC ACID 300MG TAB,Tablet,Oral,BATCH9441,2023-11-25,2025-11-24,426,22,776,163.4,4,9,24,106,V469
MB07F9C89,CHLORHEXIDINE GLUCONATE 0.2%W/V,Other,Other,BATCH2370,2023-03-25,2025-03-24,81,70,408,143.36,19,7,77,4,V462
MF75E0DC1,CALCIUM GLUCONATE,Other,Other,BATCH5475,2023-02-15,2025-02-14,177,52,247,96.34,13,5,57,14,V286
MFB42E24B,LUBRICATING JELLY 20GM,Other,Other,BATCH7266,2023-06-09,2025-06-08,367,90,469,179.03,15,3,99,24,V499
M4B6D6292,CILNIDIPINE 10MG,Other,Other,BATCH5460,2023-01-21,2025-01-20,186,44,678,49.84,6,2,48,31,V256
M0449351E,SUCCINYL CHOLINE CHLORIDE 50MG/ML,Other,Other,BATCH5014,2023-05-18,2025-05-17,344,71,344,38.23,18,3,78,19,V629
M10BFC4D3,INSULIN ISOPHANE 40IU 10ML INJ,Injection,Parenteral,BATCH2495,2023-05-11,2024-05-10,443,55,852,130.35,4,9,61,111,V996
M18EB2B4F,COLISTIMETHATE SODIUM 2MIU,Other,Other,BATCH4428,2023-11-03,2025-11-02,79,61,209,194.54,18,3,67,4,V579
M221053C7,EPTIFIBATIDE INJ 100ML,Injection,Parenteral,BATCH3148,2023-09-21,2024-09-20,60,95,254,53.22,1,2,105,60,V368
M36A3A95A,TIGECYCLINE 50MG INJ,Injection,Parenteral,BATCH3713,2023-05-08,2024-05-07,473,77,607,53.69,1,8,85,473,V718
M39CE06FE,CLOBAZAM 10MG,Other,Other,BATCH7152,2023-01-26,2025-01-25,284,53,609,32.2,2,5,58,142,V837
M9C50D684,MUPIROCIN 5G OINT,Other,Other,BATCH6671,2023-12-07,2025-12-06,277,55,435,172.81,16,4,61,17,V524
MA3B553FB,LORAZEPAM 1MG,Other,Other,BATCH6464,2023-01-04,2025-01-03,258,76,406,49.15,5,7,84,52,V325
MB42A7C31,HUMAN ALBUMIN 25% INJ,Injection,Parenteral,BATCH4255,2023-01-23,2024-01-23,245,47,255,103.12,9,6,52,27,V741
MCCB64E82,NINTEDANIB 150MG CAP,Capsule,Oral,BATCH9636,2023-11-05,2025-11-04,360,33,730,198.22,9,9,36,40,V268
ME602BC7E,MEROPENEM 1GM INJ,Injection,Parenteral,BATCH1788,2023-09-05,2024-09-04,310,57,503,7.37,16,5,63,19,V996
MF6649538,LEVETIRACETAM 100MG/ML INJ,Injection,Parenteral,BATCH4082,2023-05-17,2024-05-16,123,25,294,113.51,7,7,28,18,V385
MFA18C1FC,SODIUM CHLORIDE 0.9% IVF 1000ML,Other,Other,BATCH2061,2023-09-24,2025-09-23,331,33,519,104.9,1,9,36,331,V414
MFF724BEA,FENTANYL INJ 500MCG/10ML,Injection,Parenteral,BATCH4050,2023-01-06,2024-01-06,350,53,949,162.45,8,5,58,44,V753
M004AFEB4,CEFTRIAXONE 1GM,Other,Other,BATCH9656,2023-04-09,2025-04-08,101,83,408,74.28,6,4,91,17,V110
M04AC3D5F,TACROLIMUS CAP 0.5MG,Capsule,Oral,BATCH4296,2023-12-21,2025-12-20,219,82,915,85.02,14,9,90,16,V282
M10BA6724,RANITIDINE 50MG/2ML INJ,Injection,Parenteral,BATCH9176,2023-04-27,2024-04-26,405,40,406,37.75,15,3,44,27,V212
M1D517581,VALGANCICLOVIR 450MG TAB,Tablet,Oral,BATCH5455,2023-06-14,2025-06-13,328,53,348,149.46,2,2,58,164,V451
MEB5098C5,EMPAGLIFLOZIN 10MG,Other,Other,BATCH7296,2023-06-04,2025-06-03,111,32,408,158.02,16,6,35,7,V597
M17B5CD24,PARACETAMOL 250MG / 5ML SYP,Other,Other,BATCH5116,2023-12-01,2025-11-30,68,80,458,31.65,2,9,88,34,V261
M326C28A3,FLUDROCORTISONE 100MCG,Other,Other,BATCH3392,2023-03-07,2025-03-06,296,39,296,81.72,12,2,43,25,V409
MA4983CE6,AMLODIPINE 2.5MG,Other,Other,BATCH7877,2023-04-04,2025-04-03,257,83,670,179.12,8,8,91,32,V794
MA7DC8926,IPRATROPIUM BROMIDE 500MCG RESPULES,Other,Other,BATCH9721,2023-01-19,2025-01-18,466,87,466,5.53,6,8,96,78,V945
M03AF5783,VINCRISTINE 1MG INJ,Injection,Parenteral,BATCH3371,2023-12-04,2024-12-03,285,75,774,63.26,10,9,82,28,V112
M2C71F40E,TACROLIMUS 1MG CAP,Capsule,Oral,BATCH8007,2023-04-14,2025-04-13,469,46,592,113.23,6,5,51,78,V664
M3FED7121,METOPROLOL 25MG TAB,Tablet,Oral,BATCH3349,2023-12-19,2025-12-18,146,96,554,70.15,16,4,106,9,V123
M5D06D7E4,LIPOSOMAL AMPHOTERICIN B 50MG INJ,Injection,Parenteral,BATCH7451,2023-10-16,2024-10-15,251,74,576,58.05,19,6,81,13,V567
M9C4801EA,RANITIDINE 50MG/2ML INJ,Injection,Parenteral,BATCH8100,2023-06-06,2024-06-05,112,71,325,94.71,16,3,78,7,V890
MA451E0DD,PHENYLEPHRINE 10MG/ML,Other,Other,BATCH5043,2023-11-22,2025-11-21,308,88,770,40.4,9,8,97,34,V817
MC2F1899F,CEFIXIME 200MG,Other,Other,BATCH7631,2023-01-20,2025-01-19,134,90,283,108.28,10,7,99,13,V309
MC4186C85,LOSARTAN 50MG,Other,Other,BATCH3449,2023-02-20,2025-02-19,271,26,777,142.81,9,5,29,30,V332
M08171C6C,MEROPENEM 1GM INJ,Injection,Parenteral,BATCH1713,2023-10-04,2024-10-03,204,90,999,117.18,16,6,99,13,V804
M0BD39F52,GEMCITABINE INJ 1.4GM,Injection,Parenteral,BATCH1867,2023-06-04,2024-06-03,133,81,811,23.16,11,7,89,12,V836
M39204434,AMIKACIN 500MG,Other,Other,BATCH5022,2023-07-26,2025-07-25,93,36,564,169.66,9,6,40,10,V352
M8CA9CD38,TEICOPLANIN 200MG INJ,Injection,Parenteral,BATCH9122,2023-01-11,2024-01-11,280,44,451,39.12,8,8,48,35,V102
MB1A4DFDD,PARACETAMOL 150MG,Other,Other,BATCH2148,2023-12-09,2025-12-08,476,80,898,154.14,8,9,88,60,V499
MED95A8A9,PIPERACILLIN 2GM + TAZOBACTAM 250MG,Other,Other,BATCH5101,2023-02-14,2025-02-13,139,37,405,75.31,11,9,41,13,V657
M18112709,DOXYLAMINE 10MG + PYRIDOXINE 10MG TAB,Tablet,Oral,BATCH7335,2023-07-18,2025-07-17,232,56,585,157.64,14,6,62,17,V498
M1CBE3FFE,SALBUTAMOL 100MCG,Other,Other,BATCH2821,2023-04-26,2025-04-25,151,75,816,45.22,9,7,82,17,V940
M4E3C3114,DEXTROSE 5% W/V IV FLUID,Other,Other,BATCH7493,2023-07-08,2025-07-07,414,72,937,41.4,16,4,79,26,V831
M52FB3912,CLOPIDOGREL 75MG,Other,Other,BATCH3753,2023-12-25,2025-12-24,236,92,936,101.92,16,2,101,15,V808
M63B41C8D,FLUCONAZOLE 150MG TAB,Tablet,Oral,BATCH8277,2023-06-01,2025-05-31,270,28,270,11.42,9,5,31,30,V118
M765B5734,HUMAN ALBUMIN LOW SALT 20% 100ML IV FLUID,Other,Other,BATCH6212,2023-08-15,2025-08-14,160,43,918,48.93,18,8,47,9,V867
M77AD767E,SEVOFLURANE 99.97%,Other,Other,BATCH5921,2023-02-18,2025-02-17,86,98,291,146.18,4,3,108,22,V778
MA4A7B8BE,LIDOCAINE 2.5% + PRILOCAINE 2.5% CREAM,Other,Other,BATCH2590,2023-11-03,2025-11-02,312,65,667,168.29,18,6,72,17,V456
MAD5EB038,DEXAMETHASONE 4MG TAB,Tablet,Oral,BATCH5168,2023-09-04,2025-09-03,343,39,943,20.75,6,3,43,57,V630
MBD914DEC,POLYETHYLENE GLYCOL POWDER,Powder,Bulk/Raw Material,BATCH8708,2023-09-12,2025-09-11,495,43,723,177.01,11,5,47,45,V840
MC777CFFF,CIPROFLOXACIN 500MG,Other,Other,BATCH1175,2023-01-27,2025-01-26,442,47,957,160.52,6,3,52,74,V914
MED78D5F5,LIQ PARAFFIN 1.25ML + MILK OF MAGNESIA 3.75ML + SODIUM PICOSULPHATE 3.33MG SYP,Other,Other,BATCH7825,2023-02-17,2025-02-16,447,64,475,174.59,9,7,70,50,V595
MF6B7898C,NEOSTIGMINE 1ML INJ,Injection,Parenteral,BATCH5434,2023-03-26,2024-03-25,335,42,451,141.19,7,8,46,48,V137
MF6BB7EA1,CALCIUM 500MG + VITAMIN D3 250IU,Other,Other,BATCH7474,2023-09-22,2025-09-21,211,69,460,136.46,14,8,76,15,V656
M31040734,ALPRAZOLAM 0.5MG,Other,Other,BATCH6969,2023-06-13,2025-06-12,243,55,484,107.39,2,7,61,122,V711
M67512998,ROSUVASTATIN 10MG TAB,Tablet,Oral,BATCH4888,2023-08-22,2025-08-21,110,68,746,132.29,16,3,75,7,V152
M49CA7412,LANSOPRAZOLE 30MG TAB,Tablet,Oral,BATCH3777,2023-11-01,2025-10-31,243,32,561,184.23,18,6,35,14,V834
M63285DA7,PANTOPRAZOLE 40MG + CLARITHROMYCIN 500MG +  AMOXICILLIN 750MG TAB,Tablet,Oral,BATCH6645,2023-08-03,2025-08-02,213,69,789,24.6,11,2,76,19,V281
M88F4D10A,ASPIRIN 150MG,Other,Other,BATCH2261,2023-04-23,2025-04-22,66,93,532,66.57,11,4,102,6,V900
MDE8D93E4,TRAMADOL,Other,Other,BATCH6256,2023-04-22,2025-04-21,142,30,446,19.13,14,6,33,10,V595
M1EC2E1CA,LACTULOSE 300ML SYP,Other,Other,BATCH1852,2023-06-07,2025-06-06,290,46,352,189.24,4,7,51,72,V389
M233CB8D7,IRINOTECAN 100MG INJ,Injection,Parenteral,BATCH6847,2023-05-15,2024-05-14,216,75,640,91.83,15,2,82,14,V152
M2EE3A21C,CEFOPERAZONE 1GM + SULBACTAM 500MG INJ,Injection,Parenteral,BATCH6658,2023-10-17,2024-10-16,497,69,918,136.69,5,8,76,99,V116
M612BC743,ASPIRIN 75MG,Other,Other,BATCH1759,2023-12-24,2025-12-23,265,73,887,169.02,13,5,80,20,V766
M658BDDE3,MISOPROSTOL 25MCG TAB,Tablet,Oral,BATCH7816,2023-10-17,2025-10-16,402,64,402,198.25,6,9,70,67,V439
M79EB16CE,DOXORUBICIN 10MG INJ,Injection,Parenteral,BATCH4741,2023-04-12,2024-04-11,347,74,582,36.55,15,6,81,23,V855
MF3DAC151,LORAZEPAM 2MG,Other,Other,BATCH8081,2023-02-11,2025-02-10,68,68,764,160.9,16,6,75,4,V307
M2DC79EFA,ONDANSETRON 4MG,Other,Other,BATCH1374,2023-12-12,2025-12-11,141,25,689,178.05,4,7,28,35,V927
M2F03CD09,AMOXYCILLIN 1000MG + CLAVULANIC ACID 200MG INJ,Injection,Parenteral,BATCH2614,2023-02-18,2024-02-18,253,80,253,14.53,12,8,88,21,V946
M548CD900,ALPRAZOLAM 0.25MG,Other,Other,BATCH5445,2023-12-24,2025-12-23,295,55,672,152.05,10,3,61,30,V191
M6A4DA528,DILTIAZEM 90MG TAB,Tablet,Oral,BATCH2693,2023-04-13,2025-04-12,185,24,231,74.17,6,6,26,31,V681
M9FB5812F,ETOPHYLLINE 77MG + THEOPHYLLINE 23MG,Other,Other,BATCH3968,2023-07-07,2025-07-06,284,52,293,131.48,12,2,57,24,V944
MB58A8AE2,LEVOFLOXACIN 500MG INJ,Injection,Parenteral,BATCH6944,2023-04-07,2024-04-06,456,54,722,105.24,19,5,59,24,V390
MBAB13928,CARVEDILOL 3.125MG,Other,Other,BATCH2300,2023-12-21,2025-12-20,224,26,282,55.65,1,8,29,224,V160
MD8D3A281,GLICLAZIDE 80MG + METFORMIN 500MG,Other,Other,BATCH7098,2023-11-23,2025-11-22,70,99,471,31.37,19,8,109,4,V887
MFBB78E15,CHOLINE SALICYLATE 9% W/V,Other,Other,BATCH1930,2023-12-03,2025-12-02,189,37,670,27.8,17,4,41,11,V526
M14A312F5,FENTANYL INJ 500MCG/10ML,Injection,Parenteral,BATCH2576,2023-11-02,2024-11-01,471,46,724,25.15,11,5,51,43,V124
M4CEE9A77,DOMPERIDONE 30ML SYRUP,Syrup,Oral Liquid,BATCH6288,2023-06-17,2025-06-16,392,55,556,129.37,12,6,61,33,V855
M5DDE7770,MYCOPHENOLATE MOFETIL 250MG CAP,Capsule,Oral,BATCH8140,2023-05-04,2025-05-03,275,86,275,73.53,8,5,95,34,V710
M7EC047B8,SULPHAMETHOXAZOLE 800MG + TRIMETHOPRIM 160MG,Other,Other,BATCH2535,2023-03-23,2025-03-22,460,79,839,47.24,3,3,87,153,V163
MB035A83F,DEXTROSE 10%W/V 500ML IVF,Other,Other,BATCH3699,2023-04-09,2025-04-08,102,81,959,139.92,11,4,89,9,V332
MC04496AC,MEROPENEM 500MG INJ,Injection,Parenteral,BATCH9325,2023-12-04,2024-12-03,177,38,910,138.94,16,5,42,11,V116
MC61A2293,LEVOSULPIRIDE 25MG,Other,Other,BATCH9906,2023-11-25,2025-11-24,76,87,798,110.14,5,6,96,15,V958
MD43638F5,SODIUM BENZOATE 200GM 5GM POWDER,Powder,Bulk/Raw Material,BATCH6228,2023-08-05,2025-08-04,52,86,521,187.32,14,9,95,4,V122
MDDE3E857,METHYLERGOMETRINE 0.2MG/ML INJ,Injection,Parenteral,BATCH5022,2023-02-08,2024-02-08,425,57,901,80.16,15,6,63,28,V815
MF8D8A07F,DIMETHICONE 20 %W/W + CALAMINE 1.5 %W/W + ZINC OXIDE 7.5 %W/W + CETRIMIDE 1.125 %W/W 20G OINT,Other,Other,BATCH4121,2023-07-05,2025-07-04,471,63,590,167.99,15,5,69,31,V559
M8B4A0098,LIGNOCAINE 21.3MG + ADRENALINE 0.005MG,Other,Other,BATCH6511,2023-06-04,2025-06-03,120,22,309,19.65,7,7,24,17,V623
MBF7E320B,ENOXAPARIN 40MG,Other,Other,BATCH6317,2023-07-01,2025-06-30,374,80,880,149.27,8,8,88,47,V829
MC655F53A,HEPARIN 200IU + ETHANOL   20G GEL,Other,Other,BATCH3652,2023-09-02,2025-09-01,290,96,456,197.75,8,5,106,36,V904
ME1DAEA9E,LIGNOCAINE HYDROCHLORIDE 4% 30ML INJ,Injection,Parenteral,BATCH1205,2023-03-05,2024-03-04,81,57,950,170.09,17,5,63,5,V214
M4C26AC74,DOMPERIDONE 10MG TAB,Tablet,Oral,BATCH2363,2023-10-02,2025-10-01,462,63,494,118.03,18,3,69,26,V116
MAC5450F2,PRUCALOPRIDE 1MG,Other,Other,BATCH9626,2023-06-16,2025-06-15,442,59,895,127.22,8,8,65,55,V212
MB2675178,ANIDULAFUNGIN 100MG,Other,Other,BATCH4762,2023-07-19,2025-07-18,305,26,629,73.89,19,8,29,16,V713
MF10EF1BF,PREDNISOLONE 40MG,Solution,Parenteral,BATCH5340,2023-10-11,2025-10-10,368,69,573,137.5,11,3,76,33,V611
M174A0181,TICAGRELOR 90MG,Other,Other,BATCH5203,2023-10-09,2025-10-08,228,77,437,155.23,8,4,85,28,V175
M313E6F8E,BENZYL NICOTINATE 2MG + HEPARIN 50IU,Other,Other,BATCH8043,2023-12-14,2025-12-13,406,94,868,199.65,1,4,103,406,V310
M48C0746F,LACTITOL MONOHYDRATE 66.67%W/V 200ML SYP,Other,Other,BATCH1584,2023-09-24,2025-09-23,248,94,248,101.03,12,9,103,21,V582
MD5FA72C7,TEICOPLANIN 400MG INJ,Injection,Parenteral,BATCH1744,2023-10-23,2024-10-22,495,59,575,16.95,13,2,65,38,V756
MEF59FCEA,MONTELUKAST 10MG + LEVOCETIRIZINE 5MG TAB,Tablet,Oral,BATCH3482,2023-07-02,2025-07-01,78,96,495,121.19,19,3,106,4,V408
MF6EBCF79,TOBRAMYCIN 300MG,Other,Other,BATCH5379,2023-06-05,2025-06-04,127,62,634,28.21,14,4,68,9,V953
MA7038749,TRANEXAMIC ACID 500MG,Other,Other,BATCH7039,2023-11-07,2025-11-06,403,71,403,52.73,1,6,78,403,V992
M0859D8BB,TELMISARTAN 40MG + HYDROCHLOROTHIAZIDE 12.5MG TAB,Tablet,Oral,BATCH5415,2023-03-07,2025-03-06,179,68,731,69.11,11,3,75,16,V788
M210368A9,PARACETAMOL 650MG TAB,Tablet,Oral,BATCH4970,2023-08-16,2025-08-15,189,99,508,147.55,15,6,109,13,V508
M4501425D,TERLIPRESSIN 1MG INJ,Injection,Parenteral,BATCH9439,2023-12-12,2024-12-11,350,79,350,40.84,10,7,87,35,V888
M485DBBB8,ATORVASTATIN 20MG,Other,Other,BATCH2449,2023-04-02,2025-04-01,135,29,357,37.32,9,8,32,15,V754
M93548353,LINEZOLID 600MG INFUSION,Other,Other,BATCH6144,2023-01-11,2025-01-10,281,25,757,13.77,16,2,28,18,V567
MD48D94C7,DINOPROSTONE 0.5MG GEL,Other,Other,BATCH5879,2023-12-15,2025-12-14,178,52,409,175.28,12,3,57,15,V498
MDD00F47A,ASPARAGUS RACEMOSUS 10GM POWDER,Powder,Bulk/Raw Material,BATCH5260,2023-11-03,2025-11-02,139,61,445,140.23,13,2,67,11,V848
MDFF66541,CLONIDINE 100MCG,Other,Other,BATCH8267,2023-02-23,2025-02-22,483,73,701,12.79,9,9,80,54,V600
M15BB828E,XYLOMETAZOLINE 10ML DROPS,Other,Other,BATCH3402,2023-02-02,2025-02-01,139,58,463,10.52,6,7,64,23,V264
MBBF63FBE,AMOXYCILLIN 500MG + CLAVULANIC ACID 100MG,Other,Other,BATCH9583,2023-05-25,2025-05-24,92,61,510,113.94,10,6,67,9,V998
M0F429E84,PAPAIN 521700IU + UREA 100MG,Other,Other,BATCH3983,2023-09-03,2025-09-02,353,93,395,60.09,19,8,102,19,V161
M40FB0522,FLUOROURACIL 1%,Other,Other,BATCH5904,2023-11-23,2025-11-22,440,46,476,121.36,12,6,51,37,V724
M5F10EDAE,LACTIC ACID BACTERIA + BIFIDOBACTERIA CAP,Capsule,Oral,BATCH5685,2023-10-25,2025-10-24,107,59,754,89.75,14,3,65,8,V689
M847133F7,BACLOFEN 10MG  TAB,Tablet,Oral,BATCH8647,2023-03-27,2025-03-26,368,64,627,185.05,3,6,70,123,V626
MB7DDFE6E,ESCITALOPRAM 20MG,Other,Other,BATCH4949,2023-04-22,2025-04-21,293,57,998,61.12,19,7,63,15,V146
M4C445C80,CEFOPERAZONE 1GM + SULBACTAM 500MG INJ,Injection,Parenteral,BATCH3560,2023-07-22,2024-07-21,423,97,817,137.43,5,2,107,85,V542
M8B18FBD8,SEVOFLURANE,Other,Other,BATCH1194,2023-08-18,2025-08-17,107,96,213,15.54,19,6,106,6,V902
M8D50D698,FLUCONAZOLE 200MG TAB,Tablet,Oral,BATCH4272,2023-08-22,2025-08-21,489,61,503,191.39,9,5,67,54,V315
M3705FF99,FUROSEMIDE 40MG,Other,Other,BATCH8435,2023-09-04,2025-09-03,328,56,431,196.25,18,2,62,18,V721
MA07EAFB4,MECOBALAMIN 1000 MCG + NIACINAMIDE 100MG + PYRIDOXINE 100MG INJ,Injection,Parenteral,BATCH1089,2023-10-15,2024-10-14,428,67,670,149.12,17,4,74,25,V872
MB6B5CBA0,BROMHEXINE 2 MG+GUAIFENESIN 50 MG+MENTHOL 0.5 MG+TERBUTALINE 1.25 MG /5ML,Other,Other,BATCH9064,2023-04-14,2025-04-13,212,34,412,95.72,15,5,37,14,V956
MC526E85E,ETOPHYLLINE 84.7MG + THEOPHYLLINE 25.3MG,Other,Other,BATCH5884,2023-12-24,2025-12-23,474,54,972,47.9,18,4,59,26,V564
MD412C048,METOPROLOL 5ML INJ,Injection,Parenteral,BATCH2262,2023-11-13,2024-11-12,331,37,439,163.44,12,4,41,28,V382
MDE030C59,DOBUTAMINE 250MG INJ,Injection,Parenteral,BATCH3719,2023-10-11,2024-10-10,107,31,617,148.59,17,7,34,6,V728
MF34C3000,OXYTOCIN 10IU/ML,Other,Other,BATCH5985,2023-09-18,2025-09-17,298,27,298,48.28,4,5,30,74,V537
M97E790CF,HALOPERIDOL 5MG/1ML INJ,Injection,Parenteral,BATCH3840,2023-03-08,2024-03-07,408,66,927,92.99,2,5,73,204,V663
MF63064FF,LEVETIRACETAM 500MG TAB,Tablet,Oral,BATCH1977,2023-01-04,2025-01-03,185,20,929,95.25,11,8,22,17,V766
M20738641,CEFAZOLIN 500MG,Other,Other,BATCH6993,2023-06-13,2025-06-12,295,71,834,166.15,16,2,78,18,V738
M51834AFB,PARADICHLOROBENZENE 2 %W/V + BENZOCAINE 2.7 %W/V + CHLORBUTOL 5%W/V + TURPENTINE OIL 15%W/V,Other,Other,BATCH7049,2023-02-12,2025-02-11,224,54,481,138.35,15,4,59,15,V318
M79B12DFD,DICLOFENAC DIETHYLAMINE 1.16% + METHYL SALICYLATE 10% W/W + MENTHOL 5% W/W+ LINESEED OIL 3% W/W 15GM GEL,Other,Other,BATCH2069,2023-08-07,2025-08-06,246,49,246,130.42,11,2,54,22,V779
MA06BCFAC,PARACETAMOL 500MG TAB,Tablet,Oral,BATCH3530,2023-05-10,2025-05-09,484,81,768,131.72,10,9,89,48,V587
ME04A6179,SODIUM BICARBONATE 8.5% INJ,Injection,Parenteral,BATCH3194,2023-07-10,2024-07-09,454,63,543,57.74,12,3,69,38,V936
M1328B2DF,TORASEMIDE 20MG,Other,Other,BATCH6934,2023-09-09,2025-09-08,146,78,992,77.48,17,8,86,9,V692
M14260DDE,POVIDONE IODINE 2%W/V,Other,Other,BATCH7571,2023-06-11,2025-06-10,487,76,758,13.9,16,3,84,30,V901
MBC3D8F02,PIPERACILLIN 4GM+ TAZOBACTAM 500MG,Other,Other,BATCH7542,2023-03-19,2025-03-18,247,22,630,158.45,3,4,24,82,V979
MF9438A36,GLIMEPRIDE 2MG,Other,Other,BATCH9447,2023-03-09,2025-03-08,367,37,989,89.43,12,6,41,31,V994
M4F7EE934,ZINC ACETATE 20MG/5ML SYP,Other,Other,BATCH7917,2023-10-26,2025-10-25,393,65,840,90.46,8,8,72,49,V769
ME9114143,HEXAMETHYLDISILOXANE,Other,Other,BATCH3885,2023-09-25,2025-09-24,267,98,566,52.84,16,3,108,17,V636
MF33F588F,ADEMETIONINE 400MG,Other,Other,BATCH1969,2023-11-13,2025-11-12,215,32,215,45.84,10,3,35,22,V206
M6215F717,TIGECYCLINE 50MG INJ,Injection,Parenteral,BATCH6531,2023-10-09,2024-10-08,255,28,274,119.63,19,9,31,13,V447
MA2B27AFD,IMEPENEM 500MG + CILASTATIN 500MG INJ,Injection,Parenteral,BATCH9243,2023-06-15,2024-06-14,438,95,554,50.35,9,4,105,49,V527
MBBC8BFF5,ACECLOFENAC 100MG + PARACETAMOL 325MG + SERRATIOPEPTIDASE 15MG TAB,Tablet,Oral,BATCH9775,2023-12-23,2025-12-22,223,97,649,17.52,13,3,107,17,V801
MC2F27502,THYROXINE SODIUM 25MCG TAB,Tablet,Oral,BATCH3071,2023-06-18,2025-06-17,175,33,224,154.66,3,7,36,58,V629
MDE93A108,INSULIN ASPART 100 IU INJ,Injection,Parenteral,BATCH3127,2023-03-22,2024-03-21,212,52,301,78.41,18,2,57,12,V494
ME1461A0F,TIGECYCLINE 50MG INJ,Injection,Parenteral,BATCH1336,2023-07-15,2024-07-14,137,70,763,79.15,3,8,77,46,V231
MF19F98B7,DICLOFENAC DIETHYLAMINE + LINSEED OIL + METHYL SALICYLATE + MENTHOL 60GM SPRAY,Other,Other,BATCH2271,2023-10-18,2025-10-17,226,35,801,89.11,8,9,38,28,V743
M34447532,CALCIUM 250MG + VITAMIN D3 125IU,Other,Other,BATCH5993,2023-01-08,2025-01-07,101,46,223,163.93,16,8,51,6,V488
M05749342,CITICOLINE 500MG,Other,Other,BATCH5920,2023-03-20,2025-03-19,90,51,606,67.56,19,4,56,5,V132
M0E798842,PEPTIDE BASED DIET POWDER,Powder,Bulk/Raw Material,BATCH4337,2023-01-06,2025-01-05,264,71,264,152.82,10,2,78,26,V355
M1045F75A,AMBROXOL 15MG,Other,Other,BATCH3789,2023-08-19,2025-08-18,84,44,778,188.21,10,5,48,8,V890
M45789C08,GLICLAZIDE 40MG,Other,Other,BATCH8467,2023-07-24,2025-07-23,305,52,867,133.87,1,4,57,305,V206
M551D0691,HYDROGEN PEROXIDE 100ML SOLUTION,Solution,Parenteral,BATCH5139,2023-12-04,2025-12-03,400,43,895,89.18,19,9,47,21,V465
M93CF34BF,ESOMEPRAZOLE 40MG,Other,Other,BATCH8273,2023-12-17,2025-12-16,376,80,678,150.82,1,7,88,376,V560
M9BB3F942,IVABRADINE 5MG TAB,Tablet,Oral,BATCH9667,2023-08-03,2025-08-02,250,32,703,94.29,1,9,35,250,V175
MA4FA2E7B,CALCITONIN 100IU,Other,Other,BATCH3853,2023-08-20,2025-08-19,137,38,941,85.81,9,8,42,15,V248
MAADDC5C9,PREDNISOLONE 5MG,Solution,Parenteral,BATCH2824,2023-07-03,2025-07-02,468,39,689,107.43,1,7,43,468,V945
MDB4848A1,POLYMYXIN B INJ 500000IU,Injection,Parenteral,BATCH9575,2023-07-26,2024-07-25,425,92,557,66.96,4,2,101,106,V630
MFCD9B31C,BENZOIN COMPOUND TINCTURE,Other,Other,BATCH6712,2023-09-04,2025-09-03,325,95,803,25.33,12,2,105,27,V289
M12B6E6E1,FORMOTEROL 20MCG + BUDESONIDE 0.5MG,Other,Other,BATCH3617,2023-12-26,2025-12-25,89,60,672,85.9,14,2,66,6,V252
MA90E34B2,AMIKACIN 250MG,Other,Other,BATCH6596,2023-03-22,2025-03-21,65,32,873,29.15,6,6,35,11,V482
MCD058D87,BACILLUS MESENTERICUS 1 MILLION CELLS + CLOSTRIDIUM BUTYRICUM 2 MILLION CELLS+LACTOBACILLUS SPOROGENES 50 MILLION CELLS + STREPTOCOCCUS THERMOPHILUS 30 MILLION CELLS /5ML INJ,Injection,Parenteral,BATCH5634,2023-05-17,2024-05-16,191,80,619,85.04,16,3,88,12,V750
M07F15DCD,ROSUVASTATIN 40MG TAB,Tablet,Oral,BATCH9148,2023-06-22,2025-06-21,120,59,895,113.6,12,9,65,10,V756
M8926699A,PARACETAMOL 1GM IV INJ,Injection,Parenteral,BATCH3303,2023-12-22,2024-12-21,235,87,235,186.49,5,3,96,47,V275
MA3D68249,PRAZOSIN 5MG,Other,Other,BATCH9921,2023-12-26,2025-12-25,142,48,229,12.06,14,9,53,10,V752
MBB0AC069,PRUCALOPRIDE 2MG,Other,Other,BATCH9423,2023-02-07,2025-02-06,177,99,279,126.18,12,7,109,15,V905
MDCBEEC2A,SODIUM BICARBONATE 500MG,Other,Other,BATCH2626,2023-09-16,2025-09-15,489,84,644,94.26,16,2,92,31,V303
M7B73623C,RIFAMPICIN 450MG + ISONIAZID 300MG + ETHAMBUTOL 800MG + PYRAZINAMIDE 750MG TAB,Tablet,Oral,BATCH2481,2023-01-03,2025-01-02,418,37,767,8.95,3,2,41,139,V123
M056727EC,TAPENTADOL 50MG TAB,Tablet,Oral,BATCH5797,2023-07-17,2025-07-16,148,78,373,53.66,5,5,86,30,V962
M0C13D4D5,TEICOPLANIN 200MG INJ,Injection,Parenteral,BATCH1404,2023-03-05,2024-03-04,222,42,324,28.1,6,4,46,37,V569
M388AC82F,PAPAVERINE 30MG/ML,Other,Other,BATCH3688,2023-02-16,2025-02-15,282,47,888,47.27,7,4,52,40,V798
M8E8D767C,PREDNISOLONE 10 MG,Solution,Parenteral,BATCH4915,2023-01-16,2025-01-15,348,40,800,58.54,17,6,44,20,V387
MD2BB8E5D,NICORANDIL 5MG TAB,Tablet,Oral,BATCH9723,2023-06-13,2025-06-12,471,74,718,83.25,14,3,81,34,V368
M3B87E787,POLYETHYLENE GLYCOL 13.125GM + POTASSIUM CHLORIDE 46.6MG + SODIUM BICARBONATE 178.5MG + SODIUM CHLORIDE 350.7MG POWDER,Powder,Bulk/Raw Material,BATCH9930,2023-09-15,2025-09-14,442,41,590,108.16,11,3,45,40,V302
M566DF40E,LINAGLIPTIN 5MG TAB,Tablet,Oral,BATCH2363,2023-09-21,2025-09-20,489,71,536,5.19,11,7,78,44,V295
M7DDDBB81,AMINO ACID SOLUTION FOR INJECTION TPN 500ML,Injection,Parenteral,BATCH9024,2023-12-22,2024-12-21,68,66,216,36.56,17,9,73,4,V523
M9F006C9C,FOSFOMYCIN 4GM,Other,Other,BATCH1818,2023-07-14,2025-07-13,156,80,350,23.25,9,4,88,17,V195
MD3116E79,PREDNISOLONE 5MG/5ML,Solution,Parenteral,BATCH7736,2023-03-17,2025-03-16,303,99,917,112.19,5,9,109,61,V856
MC315334D,N-BUTYL-2-CYANOACRYLATE 1ML INJ,Injection,Parenteral,BATCH8609,2023-02-26,2024-02-26,72,20,471,69.17,3,4,22,24,V559
M278F7075,MEROPENEM 500MG INJ,Injection,Parenteral,BATCH9016,2023-11-04,2024-11-03,209,99,763,111.94,7,4,109,30,V922
M3A59D9B9,LEVOSALBUTAMOL 50MCG + IPRATROPIUM BROMIDE 20MCG INHALER,Other,Other,BATCH3010,2023-10-04,2025-10-03,119,28,763,48.26,13,2,31,9,V551
M7C605FC4,MYCOPHENOLATE MOFETIL HYDROCHLORIDE 360 MG TAB,Tablet,Oral,BATCH9040,2023-09-03,2025-09-02,447,62,447,9.72,9,5,68,50,V372
M881ED51E,CEFTAZIDIME 2GM+AVIBACTAM 500MG,Other,Other,BATCH2043,2023-06-18,2025-06-17,78,47,363,188.57,9,5,52,9,V562
MCB46C8FB,TORASEMIDE 40MG TAB,Tablet,Oral,BATCH5669,2023-09-12,2025-09-11,116,71,753,26.12,10,7,78,12,V238
ME92C8193,METHYLENE BLUE 10ML INJ,Injection,Parenteral,BATCH5225,2023-12-21,2024-12-20,137,77,274,29.74,19,3,85,7,V840
MEF26A0E1,PROPOFOL 1% 50ML INJ,Injection,Parenteral,BATCH3843,2023-03-19,2024-03-18,116,88,595,33.58,19,3,97,6,V747
MF9E377BE,BISACODYL 5MG,Other,Other,BATCH1199,2023-09-10,2025-09-09,305,52,910,196.35,4,5,57,76,V232
M1C779434,ALPHA LIPOIC ACID 200MG + CHROMIUM PICOLINATE 200MCG+ FOLIC ACID 1.5MG + INOSITOL 100MG + MECOBALAMIN 1500MCG + SELENOMETHIONINE 55MCG + ZINC MONOMETHIONINE 25MG,Other,Other,BATCH7947,2023-09-25,2025-09-24,213,94,769,125.44,3,2,103,71,V623
M34DBFC3F,DICLOFENAC 100MG SUPPOSITORY,Other,Other,BATCH4019,2023-10-21,2025-10-20,460,45,811,124.01,5,3,50,92,V583
M43575E79,MEROPENEM 500MG INJ,Injection,Parenteral,BATCH6954,2023-08-08,2024-08-07,167,36,266,197.41,17,7,40,10,V280
M4CD6DF6A,VOGLIBOSE 0.3MG TAB,Tablet,Oral,BATCH4691,2023-10-10,2025-10-09,291,50,359,22.25,9,9,55,32,V209
M916F6C68,ATORVASTATIN 5MG,Other,Other,BATCH4362,2023-07-09,2025-07-08,347,62,420,195.03,17,6,68,20,V783
M40B87560,LIDOCAINE/LIGNOCAINE 2% INJ,Injection,Parenteral,BATCH8975,2023-04-05,2024-04-04,331,73,433,44.78,13,3,80,25,V337
M456E695F,MECOBALAMIN 1000MCG + NIACINAMIDE 100MG+ PYRIDOXINE 100MG + THIAMINE 100MG + RIBOFLAVIN 5MG + PANTHENOL 5MG INJ,Injection,Parenteral,BATCH1850,2023-12-04,2024-12-03,355,86,355,126.5,11,9,95,32,V566
M6A011F74,CEFOTAXIME 250MG,Other,Other,BATCH7628,2023-02-26,2025-02-25,140,37,977,86.92,6,6,41,23,V322
M717E4A33,IMIPENAM 500MG + CILASTATIN 500MG,Other,Other,BATCH7720,2023-07-12,2025-07-11,278,44,331,79.87,7,7,48,40,V687
M4544C929,NICOUMALONE 1MG TAB,Tablet,Oral,BATCH4419,2023-09-11,2025-09-10,410,95,766,186.59,3,3,105,137,V144
M5AE60DDC,AMIODARONE 150MG INJ,Injection,Parenteral,BATCH3361,2023-02-20,2024-02-20,438,55,669,34.1,10,6,61,44,V423
MC79B8E06,MANNITOL 100ML IVF,Other,Other,BATCH1047,2023-03-15,2025-03-14,328,39,688,199.43,6,2,43,55,V591
M28F515FC,REMDESIVIR 100MG INJ,Injection,Parenteral,BATCH9430,2023-12-26,2024-12-25,343,98,371,78.93,6,7,108,57,V494
M84F4B2FF,APREPITANT 125MG/80MG,Other,Other,BATCH9528,2023-05-22,2025-05-21,438,55,446,131.51,1,3,61,438,V650
MBFD90A9E,POLYETHYLENE GLYCOL 13.125 GM + POTASSIUM CHLORIDE 46.6MG + SODIUM BICARBONATE 178.5MG + SODIUM CHLORIDE 350.7MG,Other,Other,BATCH3168,2023-08-13,2025-08-12,331,98,685,193.74,16,9,108,21,V262
MFB1C6DA4,L-5-METHYLTETRAHYDROFOLATE  CALCIUM 2.8MG + PYRIDOXAL 5-PHOSPHATE 25MG + MECOBALAMIN 2MG TAB,Tablet,Oral,BATCH1287,2023-02-11,2025-02-10,439,93,439,16.23,18,2,102,24,V497
MFE362F91,FENTANYL 25MCG/HR,Other,Other,BATCH2104,2023-08-27,2025-08-26,107,92,755,184.96,10,7,101,11,V780
MB85F0D7E,DARBEPOETIN ALFA 40MCG INJ,Injection,Parenteral,BATCH1608,2023-01-20,2024-01-20,206,66,231,115.72,11,3,73,19,V399
ME8C90DF7,N-ACETYLCYSTEINE 600MG TAB,Tablet,Oral,BATCH8479,2023-11-26,2025-11-25,100,83,258,142.36,18,7,91,6,V241
M100CB7BD,PREDNISOLONE 20 MG,Solution,Parenteral,BATCH9026,2023-06-04,2025-06-03,90,96,782,34.09,10,5,106,9,V862
M1309286C,TRAMADOL 50MG,Other,Other,BATCH2379,2023-04-23,2025-04-22,262,41,693,109.01,12,9,45,22,V799
M13223E61,CALCIUM ACETATE 667MG,Other,Other,BATCH7719,2023-11-18,2025-11-17,151,23,234,136.34,9,7,25,17,V711
M19FB45E2,LACTULOSE 200ML SYP,Other,Other,BATCH2613,2023-02-04,2025-02-03,233,45,919,93.97,10,4,50,23,V817
M2A4AEB6A,PREDNISOLONE 2.5MG,Solution,Parenteral,BATCH4304,2023-06-16,2025-06-15,203,70,203,35.22,10,2,77,20,V800
M435655C1,ACYCLOVIR 250MG INJ,Injection,Parenteral,BATCH6393,2023-01-19,2024-01-19,329,63,964,52.6,14,6,69,24,V771
MA4D9B780,DOXORUBICIN 50MG INJ,Injection,Parenteral,BATCH7478,2023-07-01,2024-06-30,475,26,783,171.61,12,5,29,40,V557
M446E1885,CARBOPLATIN 450MG,Other,Other,BATCH8870,2023-02-13,2025-02-12,432,64,990,11.72,10,2,70,43,V117
MD3BB66F8,ISOSORBIDE MONONITRATE 10MG,Other,Other,BATCH1403,2023-09-23,2025-09-22,220,33,959,143.23,2,6,36,110,V636
MF337E801,ACECLOFENAC 100MG + PARACETAMOL 325MG TAB,Tablet,Oral,BATCH2767,2023-06-08,2025-06-07,196,60,450,199.88,18,3,66,11,V345
M43137CA6,ADENOSINE 6MG/2ML INJ,Injection,Parenteral,BATCH3524,2023-12-13,2024-12-12,396,66,805,6.46,17,3,73,23,V795
MC076DB08,CLONAZEPAM 1MG,Other,Other,BATCH3792,2023-04-12,2025-04-11,105,70,368,36.4,4,2,77,26,V521
M0139AF0E,METOLAZONE 5MG TAB,Tablet,Oral,BATCH9981,2023-01-09,2025-01-08,293,53,577,136.46,6,4,58,49,V913
M281F4B80,CALCITRIOL 0.25MG,Other,Other,BATCH7995,2023-07-25,2025-07-24,240,52,392,16.7,19,3,57,13,V635
M825E4F04,INDOCYANINE GREEN 25MG INJ,Injection,Parenteral,BATCH3883,2023-09-22,2024-09-21,132,74,588,120.01,7,2,81,19,V594
MFB6A2BA2,LIDOCAINE 100MG/ML SPRAY,Other,Other,BATCH9745,2023-07-03,2025-07-02,327,79,897,138.38,16,5,87,20,V926
M2538B37B,GABAPENTIN 100MG,Other,Other,BATCH5493,2023-05-27,2025-05-26,194,84,548,119.69,15,3,92,13,V527
M378E657A,AMITRPTYLINE 10MG,Other,Other,BATCH5506,2023-01-24,2025-01-23,133,46,273,76.21,17,3,51,8,V437
ME5E1B9DC,ALPHA LIPOIC ACID 100MG + FOLIC ACID 1.5MG + METHYLCOBALAMIN 1500MCG + PYRIDOXINE 3MG,Other,Other,BATCH4902,2023-09-08,2025-09-07,343,53,459,140.97,1,5,58,343,V433
ME9D6CFC3,DIOSMIN 500MG TAB,Tablet,Oral,BATCH2294,2023-10-23,2025-10-22,128,46,829,120.89,10,2,51,13,V886
ME31E2F8A,ESCITALOPRAM 5MG + CLONAZEPAM 0.5MG,Other,Other,BATCH9408,2023-01-03,2025-01-02,352,62,617,45.49,11,9,68,32,V779
M28752E62,LEVETIRACETAM 500MG TAB,Tablet,Oral,BATCH1125,2023-08-27,2025-08-26,122,30,648,114.81,16,5,33,8,V246
M40D9820E,ENOXAPARIN 20MG,Other,Other,BATCH2568,2023-01-18,2025-01-17,245,54,544,176.97,5,9,59,49,V542
M43B70447,THYROXINE SODIUM 50MCG TAB,Tablet,Oral,BATCH3066,2023-02-18,2025-02-17,413,35,434,135.03,6,9,38,69,V433
MC977C12D,GLYCERINE,Other,Other,BATCH3513,2023-08-03,2025-08-02,152,62,678,97.0,4,9,68,38,V681
MDA003742,DEXTROSE 5%W/V + SODIUM CHLORIDE 0.45%W/V 500ML IV FLUID,Other,Other,BATCH2186,2023-09-25,2025-09-24,395,88,706,67.71,15,6,97,26,V147
MECF3E8DD,RIFAXIMIN 200MG TAB,Tablet,Oral,BATCH1161,2023-11-01,2025-10-31,374,98,918,21.75,19,5,108,20,V741
M32AD0DA9,ISAVUCONAZOLE 200MG,Other,Other,BATCH7098,2023-03-07,2025-03-06,456,55,694,52.7,3,7,61,152,V767
M6818570C,THIAMINE 100MG,Other,Other,BATCH9722,2023-06-04,2025-06-03,125,24,996,7.18,5,2,26,25,V303
MB063D0BD,DEXTROSE 5% W/V IV FLUID,Other,Other,BATCH2096,2023-11-21,2025-11-20,371,38,861,197.39,6,8,42,62,V235
MC5F0138A,CLONAZEPAM 0.5MG,Other,Other,BATCH3668,2023-10-06,2025-10-05,262,28,262,48.38,17,4,31,15,V664
MD2DDEFA0,THIAMINE 2MG + RIBOFLAVINE 2.5MG + PYRIDOXINE 0.75MG + NICOTINAMIDE 15MG + D-PACITHENOL 3MG + CYANOCOBALAMIN 2MCG,Other,Other,BATCH5556,2023-01-25,2025-01-24,393,80,513,163.9,9,2,88,44,V331
ME75B8ACA,CASPOFUNGIN 50MG,Other,Other,BATCH9346,2023-04-18,2025-04-17,134,98,507,37.89,6,3,108,22,V946
M1545A330,CALAMINE 8%W/V + DIPHENHYDRAMINE HYDROCHLORIDE 1%W/V,Other,Other,BATCH7247,2023-11-01,2025-10-31,202,64,202,60.3,7,3,70,29,V796
M32D253FE,MYCOPHENOLATE MOFETIL 500MG TAB,Tablet,Oral,BATCH7894,2023-01-01,2024-12-31,98,34,344,86.56,12,2,37,8,V958
MC9193B51,SPIRONOLACTONE 25MG,Other,Other,BATCH6229,2023-02-02,2025-02-01,314,21,809,68.26,8,7,23,39,V580
MEEB016C5,MULTIVITAMIN + MULTIMINERAL + GRAPE SEED EXTRACT TAB,Tablet,Oral,BATCH4752,2023-10-17,2025-10-16,273,98,481,160.68,3,2,108,91,V943
MA250D26B,TPN SOLUTION,Solution,Parenteral,BATCH2797,2023-12-22,2025-12-21,288,45,318,191.75,16,8,50,18,V112
MA74ED025,CLONAZEPAM 0.25MG,Other,Other,BATCH8777,2023-12-07,2025-12-06,283,28,429,175.68,9,5,31,31,V360
MB8DE7143,ROPIVACAINE 0.5% 20ML INJ,Injection,Parenteral,BATCH8236,2023-04-23,2024-04-22,64,34,419,34.95,5,7,37,13,V102
MD8A7F2EE,MULTIVITAMIN + MINERALS 200ML SYP,Other,Other,BATCH1225,2023-03-02,2025-03-01,278,40,339,156.45,14,4,44,20,V709
M1A51589C,BECLOMETHASONE 0.025% W/W + PHENYLEPHRINE 0.10% W/W + LIGNOCAINE 2.50% W/W CREAM,Other,Other,BATCH7437,2023-09-22,2025-09-21,280,72,280,33.85,15,3,79,19,V559
M5BDC7449,HEPATITIS B VACCINE 10MCG INJ,Injection,Parenteral,BATCH1759,2023-12-26,2024-12-25,246,91,811,183.11,3,3,100,82,V358
M8D4EEF71,CEFUROXIME 500MG TAB,Tablet,Oral,BATCH7650,2023-02-21,2025-02-20,174,42,859,105.99,2,7,46,87,V374
MEE18CC40,ATORVASTATIN 10MG,Other,Other,BATCH8432,2023-11-19,2025-11-18,497,74,597,70.59,1,7,81,497,V678
MFEAB9E76,FENTANYL 50MCG/HR,Other,Other,BATCH2179,2023-10-23,2025-10-22,94,25,692,35.62,15,4,28,6,V262
M7E0DC29F,KETOROLAC 30MG INJ,Injection,Parenteral,BATCH4904,2023-06-02,2024-06-01,268,20,935,7.3,12,4,22,22,V562
M80570B28,PYRIDOXINE HCL 40MG,Other,Other,BATCH2113,2023-06-06,2025-06-05,280,24,874,53.35,16,9,26,18,V651
M6F192D54,CABERGOLINE 0.5MG,Other,Other,BATCH6104,2023-02-04,2025-02-03,226,93,226,183.23,12,8,102,19,V315
MABF36404,ATORVASTATIN 40MG,Other,Other,BATCH9347,2023-09-14,2025-09-13,464,66,962,160.47,8,5,73,58,V305
MCEA53D89,CEFOTAXIME 1GM,Other,Other,BATCH1727,2023-07-21,2025-07-20,239,84,253,194.11,12,3,92,20,V418
MF9AE3C29,EPOETIN BETA,Other,Other,BATCH4577,2023-07-18,2025-07-17,221,21,221,24.65,14,4,23,16,V632
M12B9DB46,DICLOFENAC 1ML INJ,Injection,Parenteral,BATCH9757,2023-02-23,2024-02-23,80,21,522,120.47,8,6,23,10,V328
M76544B65,AMOXYCILLIN 1000MG + CLAVULANIC ACID 200MG INJ,Injection,Parenteral,BATCH3708,2023-06-05,2024-06-04,380,87,796,55.14,18,6,96,21,V440
MCE0C4C33,AZITHROMYCIN 500MG INJ,Injection,Parenteral,BATCH2189,2023-10-20,2024-10-19,264,28,264,110.87,18,3,31,15,V588
M602B37F5,DAPAGLIFLOZIN 10MG TAB,Tablet,Oral,BATCH5396,2023-01-06,2025-01-05,158,32,434,67.49,16,2,35,10,V267
ME66D5A6B,RABEPRAZOLE 20 MG+DOMPERIDONE 30 MG CAP,Capsule,Oral,BATCH5574,2023-01-08,2025-01-07,152,61,410,60.28,19,5,67,8,V611
M116BF108,LACOSAMIDE 50MG TAB,Tablet,Oral,BATCH6965,2023-02-20,2025-02-19,373,68,517,116.9,8,8,75,47,V224
M1A832760,INSULIN ISOPHANE 70% + HUMAN INSULIN 30% INJ,Injection,Parenteral,BATCH3823,2023-07-27,2024-07-26,336,38,988,40.75,3,3,42,112,V228
M6D9B7E6C,AMBROXOL 30MG/5ML + GUAIFENESIN 50MG/5ML + LEVOSALBUTAMOL 1MG/5ML SYP,Other,Other,BATCH9599,2023-09-17,2025-09-16,325,55,465,96.48,10,5,61,32,V312
M92104AF1,NIFEDIPINE 10MG CAP,Capsule,Oral,BATCH5688,2023-07-02,2025-07-01,72,73,367,131.91,15,3,80,5,V357
M9923F822,GLYCOPYRROLATE 0.5 MG+NEOSTIGMINE 2.5 MG,Other,Other,BATCH3577,2023-01-17,2025-01-16,297,55,297,30.0,15,3,61,20,V126
MB399A76B,HAEMOSTATIC 3GM POWDER,Powder,Bulk/Raw Material,BATCH9641,2023-01-02,2025-01-01,358,50,358,186.47,8,6,55,45,V964
MB75546F7,LEVOCLOPERASTINE FENDIZOATE 20GM/5ML 100ML SUSPENSION,Other,Other,BATCH9322,2023-03-24,2025-03-23,57,25,306,103.62,6,4,28,10,V377
M721610A7,ESCITALOPRAM 5MG,Other,Other,BATCH5491,2023-06-20,2025-06-19,261,56,658,164.81,9,4,62,29,V823
M73580673,DOXYCYCLINE 100MG INJ,Injection,Parenteral,BATCH1223,2023-05-05,2024-05-04,272,84,536,132.51,16,9,92,17,V910
M312EAF7E,VALACYCLOVIR 1GM TAB,Tablet,Oral,BATCH6371,2023-05-03,2025-05-02,453,70,598,143.45,2,3,77,226,V819
M3BC20DCE,VITAMIN C 500MG TAB,Tablet,Oral,BATCH5996,2023-10-05,2025-10-04,177,91,865,144.65,7,3,100,25,V847
M840B8ED8,POVIDONE IODINE 10%W/W,Other,Other,BATCH2333,2023-05-27,2025-05-26,264,30,664,175.64,5,9,33,53,V189
MBCAA00A5,ISONIAZID 300MG + RIFAMPICIN 600MG TAB,Tablet,Oral,BATCH6705,2023-08-13,2025-08-12,324,20,324,124.65,16,6,22,20,V434
MB2EB4774,HEPARIN 5000IU INJ,Injection,Parenteral,BATCH8566,2023-07-22,2024-07-21,77,63,501,59.25,9,2,69,9,V770
MC1C0F8C9,IRINOTECAN 40MG INJ,Injection,Parenteral,BATCH1952,2023-04-18,2024-04-17,410,34,450,24.4,2,5,37,205,V617
MBC2D4C2C,SODIUM CHLORIDE 0.65%,Other,Other,BATCH7509,2023-11-16,2025-11-15,419,67,861,123.22,5,6,74,84,V105
M0B31A1FD,VECURONIUM BROMIDE 10MG INJ,Injection,Parenteral,BATCH2262,2023-06-04,2024-06-03,373,92,445,17.94,1,4,101,373,V610
M52A6D91D,ERTAPENEM 1GM,Other,Other,BATCH7738,2023-03-26,2025-03-25,310,46,310,52.05,10,6,51,31,V823
M804E0EDC,INSULIN ASPART  INJ,Injection,Parenteral,BATCH4771,2023-07-09,2024-07-08,386,63,788,16.84,19,7,69,20,V845
M063DD5C0,INSULIN LISPRO INJ,Injection,Parenteral,BATCH1058,2023-06-16,2024-06-15,401,74,542,112.03,11,4,81,36,V445
M7A959AFE,TEICOPLANIN 200MG INJ,Injection,Parenteral,BATCH9695,2023-07-19,2024-07-18,276,32,276,36.27,17,8,35,16,V312
MBA43D936,PREDNISOLONE 20 MG,Solution,Parenteral,BATCH2493,2023-04-18,2025-04-17,242,91,751,124.03,15,5,100,16,V378
M30589961,HYOSCINE BUTYLBROMIDE 20MG INJ,Injection,Parenteral,BATCH6363,2023-06-26,2024-06-25,255,36,368,159.22,17,9,40,15,V366
M0EF6D41E,ASPIRIN 325MG,Other,Other,BATCH2633,2023-02-05,2025-02-04,337,84,894,165.27,6,2,92,56,V411
M2175BC4C,STREPTOCOCCUS FAECALIS 30MILLION + CLOSTRIDIUM BUTYRICUM 2MILLION + BACILLUS MESENTERICUS 1MILLION + LACTIC ACID BACILLUS 50MILLION,Other,Other,BATCH9396,2023-06-14,2025-06-13,136,72,865,65.36,19,4,79,7,V371
M52D97AFB,AMPICILLIN 500MG INJ,Injection,Parenteral,BATCH7644,2023-09-11,2024-09-10,435,31,495,112.05,5,7,34,87,V511
MEB74F67C,AMOXYCILLIN 875MG + CLAVULANIC ACID 125MG,Other,Other,BATCH8238,2023-11-13,2025-11-12,396,77,644,114.79,9,9,85,44,V136
MFE04BADF,LEVOCETIRIZINE 5MG+MONTELUKAST 10MG TAB,Tablet,Oral,BATCH4888,2023-02-04,2025-02-03,333,35,654,97.21,13,3,38,26,V347
M08B5DC94,RIVASTIGMINE 3MG TAB,Tablet,Oral,BATCH5205,2023-12-04,2025-12-03,185,67,722,132.75,6,9,74,31,V382
M3C8F882B,LEVODOPA 100MG + CARBIDOPA 25MG TAB,Tablet,Oral,BATCH6708,2023-12-08,2025-12-07,206,96,255,45.97,6,3,106,34,V237
MAB8357C9,TRIMETAZIDINE 35MG,Other,Other,BATCH8062,2023-02-09,2025-02-08,245,96,459,195.95,3,5,106,82,V889
MBD7A02D9,CHOLECALCIFEROL/VIT D3 400IU,Other,Other,BATCH8621,2023-08-12,2025-08-11,336,89,336,24.13,1,4,98,336,V707
MD79E39BC,FERROUS AMMONIUM CITRATE 160MG + FOLIC ACID 0.5MG + CYANOCOBALAMIN 7.5MCG + CUPRIC SULFATE 30MCG + MANGANESE SULPHATE 30MCG,Other,Other,BATCH1160,2023-10-17,2025-10-16,400,59,757,166.7,10,5,65,40,V919
MF4BABD96,DIGOXIN 0.25MG TAB,Tablet,Oral,BATCH6971,2023-05-18,2025-05-17,255,64,255,120.85,19,9,70,13,V604
M4BA3D37A,THYROXINE SODIUM 75MCG TAB,Tablet,Oral,BATCH1982,2023-12-12,2025-12-11,468,44,613,52.75,5,7,48,94,V198
M5D24476E,DEXTROMETHORPHAN HYDROBROMIDE 5MG TAB,Tablet,Oral,BATCH3591,2023-02-12,2025-02-11,482,93,782,150.41,9,8,102,54,V913
M4ABD7CB0,HYDROCORTISONE 5MG TAB,Tablet,Oral,BATCH8464,2023-11-06,2025-11-05,367,58,958,21.47,18,4,64,20,V511
M72ED36F6,AMPICILLIN 250MG INJ,Injection,Parenteral,BATCH3254,2023-12-16,2024-12-15,216,81,430,156.01,15,9,89,14,V715
MA7DC4008,DEXMEDETOMIDINE 100MCG/ML 1ML INJ,Injection,Parenteral,BATCH8170,2023-08-09,2024-08-08,206,48,206,120.05,1,5,53,206,V442
M0B81FED3,CIPROFLOXACIN 200MG,Other,Other,BATCH5166,2023-12-01,2025-11-30,241,79,778,26.6,10,7,87,24,V544
M0787FAC0,SACUBITRIL24MG+VALSARTAN 26MG,Other,Other,BATCH3093,2023-04-12,2025-04-11,201,37,201,20.5,3,7,41,67,V539
M74944C89,AMOXYCILLIN 250MG + CLAVULANIC ACID 50MG,Other,Other,BATCH4007,2023-06-13,2025-06-12,253,78,253,151.41,5,7,86,51,V355
MD036719C,ISOSORBIDE DINITRATE 5MG,Other,Other,BATCH5776,2023-02-07,2025-02-06,216,23,992,62.12,5,6,25,43,V598
M1122DB7B,FERROUS FUMARATE 50MG + FOLIC ACID 1500MCG,Other,Other,BATCH7885,2023-02-16,2025-02-15,277,28,890,178.41,12,5,31,23,V759
ME22C1CD6,CALCIUM 125 MG + PHOSPHORUS 55MG + VITAMIN D3 200IU / 5ML,Other,Other,BATCH6453,2023-05-16,2025-05-15,70,48,766,153.6,4,7,53,18,V118
M84FF71AB,METHYL PREDNISOLONE 500MG INJ,Injection,Parenteral,BATCH9398,2023-08-19,2024-08-18,381,58,868,141.15,5,9,64,76,V217
MEBC83B55,VORICONAZOLE 200MG INJ,Injection,Parenteral,BATCH8808,2023-07-18,2024-07-17,260,76,260,59.33,5,5,84,52,V857
M6D8BD629,MAGNESIUM SULPHATE 1.6GM + POTASSIUM SULPHATE 3.13G + SODIUM SULPHATE 17.5GM 177ML SOLUTION,Solution,Parenteral,BATCH7779,2023-08-18,2025-08-17,256,48,271,143.24,7,6,53,37,V612
M701A0754,PHENYLEPHRINE 10 MG,Other,Other,BATCH6427,2023-08-09,2025-08-08,289,21,440,189.89,13,3,23,22,V975
M841D5944,BISOPROLOL FUMARATE 1.25MG,Other,Other,BATCH3608,2023-03-22,2025-03-21,146,46,219,22.85,8,4,51,18,V643
MBF39B25F,LABETALOL 20MG INJ,Injection,Parenteral,BATCH4712,2023-05-15,2024-05-14,319,55,910,68.6,7,8,61,46,V687
MB539D3D9,ROPINIROLE 0.5MG TAB,Tablet,Oral,BATCH2069,2023-03-12,2025-03-11,245,63,245,50.76,10,7,69,24,V908
M028FB6FA,DICLOFENAC DIETHYLAMINE 1.16% W/W + METHYL SALICYLATE 10% W/W + MENTHOL 5% W/W + LINESEED OIL 3% W/W 40GM SPRAY,Other,Other,BATCH4367,2023-07-17,2025-07-16,207,71,635,81.68,12,3,78,17,V693
M5D725AD5,INSULIN ASPART 30%,Other,Other,BATCH9337,2023-07-10,2025-07-09,109,39,882,149.75,1,6,43,109,V396
MCF55F1D8,MONTELUKAST  + LEVOCETIRIZINE 60ML SYRUP,Syrup,Oral Liquid,BATCH4832,2023-12-14,2025-12-13,224,68,787,97.48,17,8,75,13,V574
M5C87F0FC,SPIRONOLACTONE 50 MG + FUROSEMIDE 20 MG,Other,Other,BATCH2023,2023-10-20,2025-10-19,139,70,387,116.29,18,2,77,8,V311
MD0DE933F,HYDROXYZINE HCL 25MG TAB,Tablet,Oral,BATCH6866,2023-07-24,2025-07-23,218,82,576,66.26,12,2,90,18,V400
M1B622C55,DORZOLAMIDE 2%W/V + TIMOLOL 0.5%W/V EYE DROPS,Other,Other,BATCH9662,2023-02-25,2025-02-24,332,61,638,32.55,11,5,67,30,V711
M5255721A,HEPARIN 25000IU INJ,Injection,Parenteral,BATCH8806,2023-11-14,2024-11-13,101,84,814,57.05,14,7,92,7,V233
M88B420BE,CETIRIZINE,Other,Other,BATCH3466,2023-09-15,2025-09-14,386,37,540,172.64,9,4,41,43,V704
MFB99DC22,ZOLPIDEM 5MG TAB,Tablet,Oral,BATCH5084,2023-04-22,2025-04-21,151,76,428,122.47,7,8,84,22,V625
M02DAA435,ENTECAVIR 0.5MG,Other,Other,BATCH5778,2023-03-09,2025-03-08,452,23,836,78.71,7,8,25,65,V377
M39AA756A,PACLITAXEL 260MG,Other,Other,BATCH3230,2023-07-23,2025-07-22,379,28,909,159.03,4,6,31,95,V140
M73B4320A,HYDROXYUREA 500MG TAB,Tablet,Oral,BATCH3417,2023-05-14,2025-05-13,172,89,591,17.57,16,5,98,11,V733
MA2FA8DC0,BISACODYL 5MG,Other,Other,BATCH3129,2023-01-04,2025-01-03,222,58,222,54.51,7,2,64,32,V841
ME12FA7CF,OMEPRAZOLE 20MG + TINIDAZOLE 500MG + AMOXYCILLIN 750MG,Other,Other,BATCH9950,2023-01-02,2025-01-01,99,69,600,49.87,6,8,76,16,V756
MDF602318,BACILLUS CALMETTE-GUERIN INJ,Injection,Parenteral,BATCH7713,2023-11-23,2024-11-22,94,68,911,197.15,19,9,75,5,V478
MCBFEE60A,LEVOCETIRIZINE 5MG,Other,Other,BATCH8566,2023-10-02,2025-10-01,480,75,991,142.69,10,5,82,48,V687
M7F9B211A,TORASEMIDE 5MG,Other,Other,BATCH8348,2023-01-08,2025-01-07,411,39,520,125.47,12,6,43,34,V472
M6A2FE15F,ETODOLAC 400MG,Other,Other,BATCH9631,2023-07-10,2025-07-09,119,34,320,5.97,5,8,37,24,V422
MA2B6166E,SUCRALFATE 500MG + OXETACAINE 10MG/5ML,Other,Other,BATCH1947,2023-06-05,2025-06-04,177,23,657,40.94,6,7,25,30,V394
M9369AB85,SHATAVARI ROOTS 15GM + VIDARIKAND TUBER 1GM + SOWA SEED 1GM + GOKSHUR PANCHANG FRUITS 2.5GM + YASHTIMADHU ROOTS 1GM + JEERA SAFED SEED 1GM + AHIV SEED 1GM/100GM POWDER,Powder,Bulk/Raw Material,BATCH8933,2023-09-09,2025-09-08,138,89,864,128.93,14,3,98,10,V289
M14FEEE76,CLINDAMYCIN 600MG,Other,Other,BATCH1598,2023-01-21,2025-01-20,227,37,956,79.05,9,7,41,25,V971
MB03526F4,PENCILLIN G / BENZYL PENCILLIN 400000IU,Other,Other,BATCH5278,2023-11-01,2025-10-31,181,66,241,185.23,3,9,73,60,V698
MF2E68D98,LINEZOLID 600MG TAB,Tablet,Oral,BATCH6349,2023-06-23,2025-06-22,197,56,432,154.12,16,8,62,12,V257
M2E38747F,CRANBERRY EXTRACT 300MG,Other,Other,BATCH4220,2023-09-24,2025-09-23,288,32,582,92.24,8,5,35,36,V877
M350B261C,FUNGAL DIASTASE + PAPAIN + ACTIVATED CHARCOAL,Other,Other,BATCH2315,2023-05-11,2025-05-10,135,53,278,151.16,13,6,58,10,V236
M4EB3650C,ATORVASTATIN 80MG,Other,Other,BATCH2730,2023-09-05,2025-09-04,447,26,909,195.2,7,4,29,64,V633
MC116947C,ZOLPIDEM 10MG TAB,Tablet,Oral,BATCH8421,2023-03-17,2025-03-16,289,34,289,94.89,11,7,37,26,V248
M34DCF195,MERCAPTOPURINE 50MG TAB,Tablet,Oral,BATCH3868,2023-09-04,2025-09-03,392,31,732,130.29,15,3,34,26,V424
M29C294F8,MENANDIONE 10MG TAB,Tablet,Oral,BATCH3792,2023-07-10,2025-07-09,126,85,934,184.14,17,4,94,7,V692
M94B5576B,NIFEDIPINE 10MG CAP,Capsule,Oral,BATCH9309,2023-07-26,2025-07-25,368,65,748,53.49,4,4,72,92,V998
ME0614106,MEFENAMIC ACID 250MG+ DICYCLOMINE 10MG TAB,Tablet,Oral,BATCH2294,2023-01-27,2025-01-26,426,94,810,177.88,13,4,103,33,V991
M6C04E02E,IRON SUCROSE 100MG INJ,Injection,Parenteral,BATCH9236,2023-06-21,2024-06-20,128,54,410,24.02,18,4,59,7,V905
M75E31422,NIMODIPINE 10MG TAB,Tablet,Oral,BATCH9287,2023-06-09,2025-06-08,388,36,861,131.45,13,2,40,30,V311
ME8768A10,ASPARAGUS RACEMOSUS 200MG + WITHANIA SOMNIFERA 100MG + TRIGONELLA FOENUM GRAECEUM 50MG + GLYCYRRHIZA GLABRA 50MG + ALLIUM SATIVUM 20MG,Other,Other,BATCH6386,2023-10-19,2025-10-18,210,68,534,157.65,3,7,75,70,V184
M848C09D6,CEFUROXIME 1.5GM INJ,Injection,Parenteral,BATCH2489,2023-02-20,2024-02-20,249,94,249,124.85,4,5,103,62,V914
M9DA4D59F,TOLVAPTAN 15MG,Other,Other,BATCH2402,2023-10-11,2025-10-10,265,62,493,101.63,4,9,68,66,V929
MD86215DA,TORASEMIDE 20MG + SPIRONOLACTONE 50MG,Other,Other,BATCH3562,2023-12-18,2025-12-17,410,21,479,125.38,3,3,23,137,V350
M51E2ABA7,FORTIFIED BABY CEREAL POWDER,Powder,Bulk/Raw Material,BATCH6196,2023-05-01,2025-04-30,116,44,617,34.57,15,7,48,8,V117
M523A96F1,LEVO-CARNITINE 500MG TAB,Tablet,Oral,BATCH2382,2023-09-06,2025-09-05,225,93,411,47.04,19,3,102,12,V682
M75543685,BACITRACIN 400IU + NEOMYCIN 3400IU + POLYMYXIN B 5000IU + HYDROCORTISONE 10MG OINT,Other,Other,BATCH5100,2023-10-15,2025-10-14,173,61,569,57.63,10,6,67,17,V168
MEDB374A2,MELATONIN 3MG TAB,Tablet,Oral,BATCH2039,2023-06-05,2025-06-04,161,96,542,121.57,12,5,106,13,V136
MB07D94F0,MINOCYCLINE INJ 100MG,Injection,Parenteral,BATCH5862,2023-09-05,2024-09-04,188,60,461,91.17,15,5,66,13,V942
M2E120D3E,VILDAGLIPTIN 50MG + METFORMIN 500MG TAB 50/500MG,Tablet,Oral,BATCH1190,2023-06-23,2025-06-22,222,20,756,52.67,8,7,22,28,V545
MC2378EBB,HUMAN NORMAL IMMUNOGLOBULIN 16.5% 2ML INJ,Injection,Parenteral,BATCH7380,2023-12-27,2024-12-26,107,89,444,177.15,9,8,98,12,V200
MCE761578,COLCHICINE 0.5MG,Other,Other,BATCH1498,2023-12-16,2025-12-15,368,81,812,77.91,12,4,89,31,V688
M9F4771E5,TROPCAMIDE 0.8% W/V + PHEYNLEPHERINE HCL 5% W/V,Other,Other,BATCH2753,2023-03-23,2025-03-22,297,77,400,91.98,6,8,85,50,V431
M3B77637A,DROTAVERIN 20MG INJ,Injection,Parenteral,BATCH2571,2023-10-27,2024-10-26,423,97,891,84.89,2,3,107,212,V582
M811823C2,FILGRASTIM 300MCG,Other,Other,BATCH8478,2023-08-04,2025-08-03,367,35,492,40.48,11,4,38,33,V908
MDF34959A,CLINDAMYCIN 300MG,Other,Other,BATCH1480,2023-07-13,2025-07-12,117,92,232,147.67,16,4,101,7,V313
M66B11630,TICAGRELOR 90MG,Other,Other,BATCH4862,2023-11-11,2025-11-10,81,38,319,92.45,2,9,42,40,V681
M3AC54F8A,PANTOPRAZOLE 40MG + DOMPERIDONE 30MG TAB,Tablet,Oral,BATCH6319,2023-04-03,2025-04-02,240,97,845,8.17,5,2,107,48,V844
M765C4BA6,ONDANSETRON 8MG,Other,Other,BATCH5643,2023-11-21,2025-11-20,266,35,897,192.98,5,5,38,53,V480
M9FDCDFE5,APIXABAN TAB 5MG,Tablet,Oral,BATCH7125,2023-01-12,2025-01-11,158,64,369,164.07,16,5,70,10,V972
MDECC699C,COLLOIDAL SILVER 32PPM,Other,Other,BATCH8227,2023-06-13,2025-06-12,401,83,681,146.09,10,8,91,40,V503
M4E66616E,MYCOPHENOLATE MOFETIL 250MG/ML SUSP,Other,Other,BATCH4542,2023-12-05,2025-12-04,311,26,659,174.47,11,5,29,28,V512
M6EEB88C3,ZINC OXIDE  30GM CREAM,Other,Other,BATCH8453,2023-04-05,2025-04-04,307,25,307,181.83,13,9,28,24,V894
M8145C011,PREDNISOLONE 5 MG,Solution,Parenteral,BATCH3861,2023-03-25,2025-03-24,99,87,561,70.81,6,7,96,16,V671
MB9DE9362,PIPERACILLIN 4GM+ TAZOBACTAM 500MG,Other,Other,BATCH9858,2023-12-02,2025-12-01,416,24,755,124.14,14,7,26,30,V880
M6CD77905,LACTIC ACID BACILLUS 120 MILLION TAB,Tablet,Oral,BATCH5540,2023-08-07,2025-08-06,142,69,973,123.72,1,8,76,142,V810
M9E79E932,THYROXINE SODIUM 50MCG TAB,Tablet,Oral,BATCH7623,2023-03-08,2025-03-07,251,95,878,57.12,3,3,105,84,V740
MAD9BBD12,URSODEOXYCHOLIC ACID 150MG TAB,Tablet,Oral,BATCH8874,2023-03-14,2025-03-13,247,69,278,48.28,16,5,76,15,V317
M87D49126,ALPRAZOLAM 0.5MG,Other,Other,BATCH8133,2023-12-16,2025-12-15,390,58,390,27.21,13,6,64,30,V458
MEBEDE57E,ACYCLOVIR 200MG TAB,Tablet,Oral,BATCH8659,2023-09-14,2025-09-13,174,53,549,133.57,4,3,58,44,V877
M315A0EC0,FEXOFENADINE 120MG,Other,Other,BATCH5828,2023-01-03,2025-01-02,158,71,320,157.28,9,2,78,18,V653
M885342C2,RANOLAZINE 500MG TAB,Tablet,Oral,BATCH1391,2023-04-07,2025-04-06,202,65,656,153.39,1,3,72,202,V351
M88C5F659,METOCLOPROMIDE 10MG TAB,Tablet,Oral,BATCH5437,2023-11-23,2025-11-22,206,60,206,66.67,13,8,66,16,V394
M27422B71,URSODEOXYCHOLIC ACID 450MG TAB,Tablet,Oral,BATCH2633,2023-11-18,2025-11-17,131,32,290,45.03,15,7,35,9,V797
MA27C7D8D,VILDAGLIPTIN 50MG TAB,Tablet,Oral,BATCH9001,2023-07-18,2025-07-17,129,73,237,93.45,6,4,80,22,V260
MB9200659,ALLOPURINOL 100MG,Other,Other,BATCH3130,2023-05-19,2025-05-18,154,79,436,111.63,7,7,87,22,V200
M0C38D05D,BORTEZOMIB 2MG,Other,Other,BATCH3052,2023-10-21,2025-10-20,260,76,809,184.22,5,7,84,52,V787
MED04D9B4,ASPIRIN 75MG + ATORVASTATIN 10MG,Other,Other,BATCH3244,2023-08-02,2025-08-01,204,26,341,175.59,8,8,29,26,V359
M7108D389,ROSUVASTATIN 5MG TAB,Tablet,Oral,BATCH6782,2023-09-10,2025-09-09,226,76,989,183.63,6,9,84,38,V788
M24984E90,ISOSORBIDE DINITRATE 20MG + HYDRALAZINE 37.5MG,Other,Other,BATCH6140,2023-09-15,2025-09-14,373,78,415,170.8,5,9,86,75,V579
MF562568B,METHIMAZOLE 10MG TAB,Tablet,Oral,BATCH9538,2023-11-10,2025-11-09,158,34,235,193.09,9,3,37,18,V997
M31BE554D,SODIUM FUSIDATE 20MG,Other,Other,BATCH4745,2023-12-23,2025-12-22,459,87,468,95.77,17,8,96,27,V571
M994D030E,THYROXINE SODIUM 75MCG TAB,Tablet,Oral,BATCH3540,2023-04-14,2025-04-13,388,61,798,14.26,15,5,67,26,V879
MD9B35935,METFORMIN 500MG TAB,Tablet,Oral,BATCH1443,2023-07-21,2025-07-20,128,57,285,21.29,6,5,63,21,V864
M95F97102,DICYCLOMINE 10MG + SIMETHICONE 40MG 10ML DROPS,Other,Other,BATCH1063,2023-09-24,2025-09-23,191,77,257,81.1,18,7,85,11,V290
M59DCDE66,POTASSIUM CITRATE + MAGNESIUM CITRATE,Other,Other,BATCH4362,2023-05-14,2025-05-13,132,60,879,55.25,4,6,66,33,V995
M087E1497,POSACONAZOLE 300MG,Other,Other,BATCH9331,2023-06-25,2025-06-24,172,63,673,38.14,18,5,69,10,V770
M2A44C628,MOXIFLOXACIN 400MG/100ML IV FLUID,Other,Other,BATCH5713,2023-04-16,2025-04-15,214,44,474,190.87,6,9,48,36,V196
MA77D6EF7,CHOLECALCIFEROL 60000IU,Other,Other,BATCH9041,2023-02-23,2025-02-22,108,94,804,43.11,11,3,103,10,V105
MED0F18E1,MOXIFLOXACIN 400MG/100ML IV FLUID,Other,Other,BATCH1914,2023-05-10,2025-05-09,56,97,875,192.08,4,2,107,14,V343
MF8280958,PREGABALIN 75MG,Other,Other,BATCH1839,2023-07-14,2025-07-13,247,30,487,153.36,15,2,33,16,V114
MDA1AEB7C,DAPTOMYCIN 350MG INJ,Injection,Parenteral,BATCH8500,2023-11-15,2024-11-14,365,78,648,129.98,7,8,86,52,V421
M24840E33,BUPIVACAINE 0.5%,Other,Other,BATCH1960,2023-07-03,2025-07-02,186,21,208,136.82,17,5,23,11,V995
M15B642BA,CINNARIZINE 25MG,Other,Other,BATCH1467,2023-01-11,2025-01-10,437,49,444,69.64,2,5,54,218,V530
MED30DAF3,BETAHISTINE 16MG,Other,Other,BATCH4636,2023-12-25,2025-12-24,216,97,676,131.05,10,7,107,22,V121
ME4FF42DE,FEBUXOSTAT 40MG,Other,Other,BATCH9322,2023-08-18,2025-08-17,357,33,357,41.4,4,5,36,89,V544
ME717B32B,ALPRAZOLAM 0.25MG,Other,Other,BATCH7203,2023-05-05,2025-05-04,156,50,992,187.85,17,6,55,9,V296
M0D8CBA5C,HUMAN PLACENTA EXTRACT 20GM GEL,Other,Other,BATCH1891,2023-01-10,2025-01-09,292,37,976,63.85,8,2,41,36,V869
M3703D1EE,PARACETAMOL 1000MG TAB,Tablet,Oral,BATCH8533,2023-04-06,2025-04-05,393,78,406,54.76,13,3,86,30,V181
M8284D786,DEXTROSE 5% 500ML IVF,Other,Other,BATCH8591,2023-04-01,2025-03-31,76,57,517,143.68,17,9,63,4,V792
ME2E13AEA,DICLOFENAC DIETHYLAMINE 1.16% + METHYL SALICYLATE 10% W/W + MENTHOL 5% W/W+ LINESEED OIL 3% W/W 30GM GEL,Other,Other,BATCH8205,2023-08-26,2025-08-25,351,67,351,133.01,11,5,74,32,V500
MFE16F37C,AMOXYCILLIN 500MG + CLAVULANIC ACID 125MG,Other,Other,BATCH9122,2023-09-13,2025-09-12,214,95,603,93.0,2,3,105,107,V116
M09B5CA5D,LIPID 20% 100ML TPN,Other,Other,BATCH3158,2023-06-09,2025-06-08,274,61,299,128.33,5,4,67,55,V705
MBEE852E4,LEVO-CARNITINE 500MG/5ML SYP,Other,Other,BATCH9815,2023-02-17,2025-02-16,332,78,512,36.1,5,4,86,66,V509
MA506AC7E,CHOLINE SALICYLATE 8.7%W/W + LIGNOCAINE 2%W/W 15GM,Other,Other,BATCH3885,2023-07-01,2025-06-30,339,27,644,136.3,18,4,30,19,V793
M135A6C66,CLOPIDOGREL 75MG + ASPIRIN 150MG,Other,Other,BATCH8217,2023-05-08,2025-05-07,60,37,689,57.77,18,4,41,3,V655
ME863323B,TAMSULOSIN 0.4MG + DUTASTERIDE 0.5MG TAB,Tablet,Oral,BATCH6213,2023-03-19,2025-03-18,440,95,677,58.2,10,7,105,44,V807
MC9E9D887,PACLITAXEL 100MG,Other,Other,BATCH8014,2023-07-18,2025-07-17,330,88,377,36.63,17,2,97,19,V513
MFEFA7377,BUDESONIDE 100MCG,Other,Other,BATCH6649,2023-09-27,2025-09-26,499,72,833,69.81,5,4,79,100,V107
MAFFF4D61,LOSARTAN 25MG,Other,Other,BATCH6781,2023-10-17,2025-10-16,262,50,753,69.59,13,5,55,20,V217
MC85B8561,ENALAPRIL 5MG,Other,Other,BATCH6545,2023-11-13,2025-11-12,326,35,802,93.56,8,6,38,41,V512
MF083E9AB,PIRACETAM,Other,Other,BATCH8010,2023-12-21,2025-12-20,248,88,574,42.13,5,9,97,50,V457
M52A6050C,INFANT NUTRITIONAL PRODUCTS POWDER,Powder,Bulk/Raw Material,BATCH7650,2023-08-25,2025-08-24,450,82,914,42.64,5,9,90,90,V814
M94AA1689,MULTIVITAMIN + MINERALS + TRACE ELEMENTS IVF,Other,Other,BATCH2210,2023-07-20,2025-07-19,424,39,511,110.64,8,4,43,53,V470
MCB7999DE,LEVOFLOXACIN 500MG TAB,Tablet,Oral,BATCH8433,2023-04-27,2025-04-26,458,67,844,30.13,7,6,74,65,V873
M9E53E5F7,PANTOPRAZOLE 40MG + DOMPERIDONE 30MG TAB,Tablet,Oral,BATCH5824,2023-08-22,2025-08-21,276,69,362,139.33,5,2,76,55,V268
MA6171D39,MOSTURIZING CREAM 75GM CREAM,Other,Other,BATCH3907,2023-06-24,2025-06-23,397,58,397,189.07,7,6,64,57,V446
M10CF58BC,ACECLOFENAC 100MG + PARACETAMOL 325MG TAB,Tablet,Oral,BATCH5627,2023-01-04,2025-01-03,211,94,621,88.23,3,3,103,70,V779
M9859A6A9,SYMRELIEF + ANASENSYL + SYMCALMIN + NAB BUTTERBUR EXTRACT + ALOE VERA + OAT EXTRACT,Other,Other,BATCH9701,2023-07-20,2025-07-19,257,29,644,180.72,19,2,32,14,V211
M36211A07,POTASSIUM CITRATE,Other,Other,BATCH8717,2023-10-12,2025-10-11,392,40,796,24.17,8,7,44,49,V388
M53655982,FAT EMULSION 20% 100ML IV FLUID,Other,Other,BATCH8502,2023-08-15,2025-08-14,86,27,437,13.38,3,3,30,29,V775
M7E84679C,AQUA,Other,Other,BATCH5164,2023-12-18,2025-12-17,369,75,898,145.67,11,5,82,34,V629
MD4BD0D04,VALETHAMATE BROMIDE 8MG/ML INJ,Injection,Parenteral,BATCH8056,2023-06-27,2024-06-26,57,71,463,153.4,17,2,78,3,V799
MDB66B867,HUMAN GAMMA GLOBULIN 100ML INJ,Injection,Parenteral,BATCH4465,2023-02-27,2024-02-27,311,98,627,169.4,7,7,108,44,V563
M3B0620A1,LEVETIRACETAM 100MG/ML SYP,Other,Other,BATCH7174,2023-02-08,2025-02-07,264,63,945,16.08,17,8,69,16,V872
M7E7BAB7F,MONTELUKAST+DESLORTIDINE TAB,Tablet,Oral,BATCH6755,2023-10-20,2025-10-19,260,32,631,156.5,12,6,35,22,V888
MEF536098,FOSFOMYCIN 4GM,Other,Other,BATCH3247,2023-12-21,2025-12-20,272,56,745,78.43,15,8,62,18,V976
MB758B30E,FEBUXOSTAT 40MG,Other,Other,BATCH3397,2023-08-10,2025-08-09,271,27,926,64.15,6,5,30,45,V209
MB8638A9A,TROPICAMIDE 1%W/V,Other,Other,BATCH1550,2023-01-04,2025-01-03,233,73,979,38.74,1,3,80,233,V631
M3FB61B03,PARACETAMOL 80MG SUPPOSITORY,Other,Other,BATCH2257,2023-04-02,2025-04-01,253,73,599,199.22,7,3,80,36,V202
M2AF3E5AA,TENELIGLIPTIN 20MG TAB,Tablet,Oral,BATCH4902,2023-07-21,2025-07-20,305,88,533,17.41,18,3,97,17,V305
M6131D2A3,MULTI VITAMINS 15ML DROPS,Other,Other,BATCH5300,2023-12-14,2025-12-13,357,47,357,166.27,16,3,52,22,V369
MA8E004B5,VITAMIN B12 + FOLIC ACID + IRON HYDROCHLORIDE\n\n\nVITAMIN B12 + FOLIC ACID + IRON HYDROCHLORIDE\n\n\nVITAMIN B12 + FOLIC ACID + IRON HYDROCHLORIDE\n\n\nVITAMIN B12 + FOLIC ACID + IRON HYDROCHLORIDE 15ML DROPS,Other,Other,BATCH2485,2023-11-27,2025-11-26,298,44,629,129.7,15,4,48,20,V680
MA8F6B2DF,LANOLIN 20G CREAM,Other,Other,BATCH4751,2023-11-13,2025-11-12,339,25,934,148.34,17,3,28,20,V487
M68D11A9C,OCTREOTIDE 50MCG 1ML INJ,Injection,Parenteral,BATCH6436,2023-04-27,2024-04-26,426,53,589,143.78,8,6,58,53,V877
MFE338534,AMBROXOL 30MG/5ML,Other,Other,BATCH3092,2023-03-12,2025-03-11,478,58,478,172.39,7,3,64,68,V368
M1CC59F88,FOLIC ACID 1MG + PYDRIDOXINE HYDROCHLORIDE 10MG + CYANOCOBALAMIN 400MCG,Other,Other,BATCH4043,2023-01-22,2025-01-21,98,80,285,40.84,18,6,88,5,V654
MB7BD36A3,SEVELAMER 800MG,Other,Other,BATCH4307,2023-08-03,2025-08-02,370,80,511,5.16,11,4,88,34,V786
M2BFFC61D,FOSPHENYTOIN 150MG,Other,Other,BATCH5544,2023-03-15,2025-03-14,151,31,389,121.71,6,7,34,25,V981
M95193705,METOPROLOL 50MG TAB,Tablet,Oral,BATCH4297,2023-07-22,2025-07-21,138,42,981,74.0,6,6,46,23,V320
M4A7F9AD0,NINTEDANIB 150MG CAP,Capsule,Oral,BATCH7631,2023-04-25,2025-04-24,406,60,622,29.14,17,9,66,24,V759
MB0C9DF7D,TOCOTRIENOL,Other,Other,BATCH3947,2023-06-23,2025-06-22,80,46,309,41.3,2,5,51,40,V176
MDD8AC07A,VORICONAZOLE 200MG TAB,Tablet,Oral,BATCH4904,2023-03-01,2025-02-28,253,22,253,69.69,2,4,24,126,V588
MFFE7AE41,SILDENAFIL 25MG,Other,Other,BATCH4414,2023-01-11,2025-01-10,396,87,880,18.7,15,6,96,26,V472
M8BBB568E,SILDENAFIL 25MG,Other,Other,BATCH2646,2023-12-02,2025-12-01,497,78,945,16.1,1,7,86,497,V961
M7DAA4C7E,MIDODRINE 2.5MG TAB,Tablet,Oral,BATCH7171,2023-05-03,2025-05-02,350,61,810,183.63,4,5,67,88,V795
M89CE4587,LEVODOPA 100MG + CARBIDOPA 10MG TAB,Tablet,Oral,BATCH3118,2023-12-19,2025-12-18,299,45,299,65.86,19,6,50,16,V933
M6ED209E8,RIVAROXABAN 10MG TAB,Tablet,Oral,BATCH3671,2023-10-20,2025-10-19,103,87,278,196.53,9,5,96,11,V864
M92866C28,PHENOBARBITONE 20MG/5ML,Other,Other,BATCH8133,2023-08-21,2025-08-20,358,22,358,193.05,14,4,24,26,V469
MDB1D4749,THYROXINE SODIUM 25MCG TAB,Tablet,Oral,BATCH9538,2023-01-24,2025-01-23,122,55,800,32.8,10,4,61,12,V759
M5F705680,PROPRANOLOL 10MG,Other,Other,BATCH7036,2023-09-20,2025-09-19,191,84,812,144.41,2,9,92,96,V127
MA35507BB,POLIO VACCINE,Other,Other,BATCH9246,2023-05-22,2025-05-21,107,96,870,122.16,4,7,106,27,V601
MB909F5ED,SIROLIMUS 1MG,Other,Other,BATCH8686,2023-05-02,2025-05-01,230,40,277,139.68,15,2,44,15,V142
MBB03907B,PANTOPRAZOLE 40MG + DOMPERIDONE 30MG TAB,Tablet,Oral,BATCH5327,2023-11-07,2025-11-06,322,72,322,23.76,2,9,79,161,V751
M37D0D0A6,SODIUM VALPROATE 500MG,Other,Other,BATCH7931,2023-02-17,2025-02-16,170,35,920,41.77,12,7,38,14,V969
M580A4494,CALCIUM 500MG + VITAMIN D3 250IU,Other,Other,BATCH3954,2023-03-24,2025-03-23,419,29,942,19.94,7,2,32,60,V712
MEDD770B9,CEFPODOXIME PROXETIL 200MG,Other,Other,BATCH5144,2023-06-01,2025-05-31,322,48,780,122.81,8,7,53,40,V855
M4E5337B1,FORMOTEROL 20MCG + BUDESONIDE 1MG,Other,Other,BATCH5818,2023-12-14,2025-12-13,284,90,284,197.39,19,6,99,15,V310
MC18E7787,AZITHROMYCIN 250MG TAB,Tablet,Oral,BATCH9643,2023-04-19,2025-04-18,254,75,254,136.04,12,9,82,21,V993
M728185B9,PARACETAMOL 500MG + CAFFINE 25MG,Other,Other,BATCH8636,2023-07-01,2025-06-30,244,59,244,143.6,12,5,65,20,V595
MF6222BBC,ESCITALOPRAM 10MG+ CLONAZEPAM 0.5MG,Other,Other,BATCH5402,2023-10-11,2025-10-10,205,42,753,196.99,7,6,46,29,V706
M7B1D4782,GLIMEPRIDE 1MG + METFORMIN 500MG,Other,Other,BATCH6872,2023-09-25,2025-09-24,497,31,876,137.21,8,4,34,62,V792
M7F32F39F,FENTANYL 12.5MCG/HR,Other,Other,BATCH2821,2023-08-19,2025-08-18,300,41,705,12.84,14,4,45,21,V674
MFB18E6EF,ENOXAPARIN 20MG,Other,Other,BATCH8238,2023-04-07,2025-04-06,326,32,409,174.07,1,6,35,326,V385
MDB425C66,PACLITAXEL PROTEIN BOUND PARTICLES 100MG,Other,Other,BATCH5976,2023-05-24,2025-05-23,183,34,805,76.11,5,8,37,37,V649
M280D6BE9,LEVOFLOXACIN 750MG TAB,Tablet,Oral,BATCH5793,2023-07-10,2025-07-09,146,75,247,5.85,12,9,82,12,V687
M653455DE,ACEBROPHYLLINE 100MG CAP,Capsule,Oral,BATCH7895,2023-10-24,2025-10-23,126,30,862,103.91,12,8,33,10,V870
M234C0A9D,CEFTAZIDIME 2GM,Other,Other,BATCH6695,2023-11-09,2025-11-08,150,23,913,187.72,2,6,25,75,V532
MF8EF0128,QUETIAPINE 25MG TAB,Tablet,Oral,BATCH1652,2023-09-16,2025-09-15,137,63,774,55.18,15,6,69,9,V551
ME555F831,GABAPENTIN 100MG + NORTRYPTILINE 10MG TAB,Tablet,Oral,BATCH3593,2023-06-11,2025-06-10,386,42,903,100.85,11,4,46,35,V552
MC5136192,ITOPRIDE 50MG TAB,Tablet,Oral,BATCH2590,2023-02-08,2025-02-07,76,56,668,38.89,5,8,62,15,V202
M1B635AEE,OSELTAMIVIR 12MG/ML,Other,Other,BATCH7613,2023-07-24,2025-07-23,333,31,574,16.25,15,4,34,22,V180
M549FC8F6,TORASEMIDE 10MG,Other,Other,BATCH1316,2023-11-06,2025-11-05,457,36,457,20.71,19,4,40,24,V118
M67A93BBF,CYCLOSPORIN 100MG,Other,Other,BATCH2821,2023-09-03,2025-09-02,394,55,937,146.77,9,8,61,44,V698
ME44A1628,SERTRALINE 25MG,Other,Other,BATCH6376,2023-09-10,2025-09-09,231,75,757,173.49,6,6,82,38,V476
M109171C0,CLOBAZAM 5MG,Other,Other,BATCH7252,2023-06-20,2025-06-19,76,53,352,32.94,6,4,58,13,V878
M1E6249E9,INSULIN DEGLUDEC 100IU/ML INJ,Injection,Parenteral,BATCH5529,2023-06-22,2024-06-21,425,63,965,61.22,12,8,69,35,V731
M7FD457B6,SACUBITRIL 24MG + VALSARTAN 26MG,Other,Other,BATCH8745,2023-07-27,2025-07-26,51,61,247,43.03,1,9,67,51,V227
MB1E6C583,MIRTAZAPINE 7.5MG TAB,Tablet,Oral,BATCH9269,2023-08-09,2025-08-08,356,41,670,10.24,10,4,45,36,V189
M7E38D162,NICORANDIL 2MG INJ,Injection,Parenteral,BATCH2188,2023-10-12,2024-10-11,351,42,352,112.92,1,6,46,351,V429
M8EF359C2,HIGH PROTEIN SUPPLEMENT POWDER,Powder,Bulk/Raw Material,BATCH9571,2023-07-04,2025-07-03,136,54,731,141.48,1,5,59,136,V927
MB4E95C80,MECOBALAMIN 1500MCG+BENFOTIAMINE 200MCG+FOLICACID 1.5MG+CHROMIUM POLYNICOTINATE 200MCG+MYO-INOSITOL 100MG+PYRIODOXINE HYDROCHLORIDE 3MG TAB,Tablet,Oral,BATCH6528,2023-02-16,2025-02-15,382,22,530,131.34,9,7,24,42,V143
MCE04405F,SILVER NITRATE 0.2%,Other,Other,BATCH6725,2023-03-27,2025-03-26,128,74,549,80.67,15,9,81,9,V268
ME7DB5702,LACOSAMIDE 20ML INJ,Injection,Parenteral,BATCH1855,2023-11-19,2024-11-18,151,69,737,113.23,17,6,76,9,V126
M13BA7948,NIFEDIPINE 20MG TAB,Tablet,Oral,BATCH6596,2023-09-17,2025-09-16,415,44,804,23.35,2,8,48,208,V471
M4F58BAEB,CHOLESTYRAMINE 5GM POWDER,Powder,Bulk/Raw Material,BATCH7530,2023-01-11,2025-01-10,490,49,504,35.09,5,6,54,98,V989
M5378A9A5,MESALAZINE  60ML SOLUTION,Solution,Parenteral,BATCH6226,2023-06-25,2025-06-24,169,46,998,186.7,9,9,51,19,V714
MEDA5904B,N-ACETYLCYSTEINE 600MG TAB,Tablet,Oral,BATCH1760,2023-03-14,2025-03-13,464,72,598,153.49,11,5,79,42,V543
MAEAF684A,REMDESIVIR 100MG INJ,Injection,Parenteral,BATCH5708,2023-05-04,2024-05-03,328,80,328,184.93,19,5,88,17,V229
M876125A0,INSULIN GLULISINE 100 IU/ML 3ML INJ,Injection,Parenteral,BATCH9422,2023-02-10,2024-02-10,205,28,205,183.75,14,5,31,15,V419
M6A8FF9C5,FLUORESCEIN INJECTION USP 20%,Injection,Parenteral,BATCH7510,2023-01-02,2024-01-02,113,53,361,131.63,11,9,58,10,V571
M096B4E8B,FLAVOXATE 200MG,Other,Other,BATCH2236,2023-05-06,2025-05-05,184,21,752,186.01,2,6,23,92,V347
M34FACF4D,CARBOXYMETHYL CELLULOSE 15ML,Other,Other,BATCH9638,2023-07-01,2025-06-30,354,56,631,86.26,2,3,62,177,V733
M43EA7A7C,IBUPROFEN 100MG + PARACETAMOL 162.5MG SYP,Other,Other,BATCH9628,2023-04-13,2025-04-12,470,39,470,5.71,3,2,43,157,V981
MAA0C4242,CEFUROXIME 750MG INJ,Injection,Parenteral,BATCH2524,2023-12-18,2024-12-17,416,46,585,17.2,13,6,51,32,V285
MAA7D13E0,CALCIUM 500MG + VITAMIN D3 500IU,Other,Other,BATCH8207,2023-11-10,2025-11-09,239,56,870,26.35,7,8,62,34,V326
MC2942658,ATENOLOL 25MG,Other,Other,BATCH4660,2023-06-12,2025-06-11,155,45,657,23.59,5,5,50,31,V213
M456FFFE7,CHLORPHENAMINE MALEATE 4MG/5ML + DEXTROMETHORPHAN HYDROBROMIDE 10MG/5ML,Other,Other,BATCH6342,2023-11-26,2025-11-25,246,51,246,73.58,13,6,56,19,V752
MF47B1E6E,CEFAZOLIN 250MG,Other,Other,BATCH5006,2023-12-21,2025-12-20,174,81,239,141.75,16,8,89,11,V515
M4C51AA46,TAMSULOSIN 0.4MG CAP,Capsule,Oral,BATCH8042,2023-07-15,2025-07-14,203,84,585,159.18,9,6,92,23,V355
MAADFFB11,PROPOFOL 2% 50ML INJ,Injection,Parenteral,BATCH9968,2023-12-08,2024-12-07,484,20,523,120.09,17,9,22,28,V297
M4681B9EF,METRONIDAZOLE 400MG TAB,Tablet,Oral,BATCH8155,2023-05-25,2025-05-24,302,50,880,33.56,14,7,55,22,V163
MC89C5620,METHYL PREDNISOLONE 8MG TAB,Tablet,Oral,BATCH9381,2023-05-07,2025-05-06,169,87,666,150.84,14,7,96,12,V528
ME84AEFEB,ELTROMBOPAG 25MG,Other,Other,BATCH9513,2023-07-09,2025-07-08,52,62,805,74.19,17,8,68,3,V714
M639AC7CE,OXALIPLATINÃ‚\xa0100MG,Other,Other,BATCH1810,2023-11-25,2025-11-24,243,36,668,7.53,4,7,40,61,V311
MA3CC4BC5,CYCLOSPORIN 25MG,Other,Other,BATCH3280,2023-04-15,2025-04-14,476,67,476,59.71,15,2,74,32,V101
M350E4C6F,MEMANTINE HYDROCHLORIDE 5MG TAB,Tablet,Oral,BATCH7495,2023-12-21,2025-12-20,244,31,725,69.47,19,5,34,13,V525
MAD423CCD,AMANTADINE 100MG,Other,Other,BATCH6310,2023-03-16,2025-03-15,364,21,697,58.48,19,3,23,19,V707
M2DF8C27F,SACCHAROMYCES BOULARDII POWDER,Powder,Bulk/Raw Material,BATCH1451,2023-08-18,2025-08-17,163,70,776,163.31,11,6,77,15,V410
M8CD81085,PROPRANOLOL 40MG,Other,Other,BATCH1855,2023-01-09,2025-01-08,351,61,351,153.19,15,3,67,23,V325
M6AEF050E,MILRINONE 10MG/10ML INJ,Injection,Parenteral,BATCH5684,2023-11-07,2024-11-06,399,80,713,140.63,17,6,88,23,V238
MB498F166,EVEROLIMUS 0.5MG,Other,Other,BATCH6544,2023-04-09,2025-04-08,323,47,428,32.11,17,4,52,19,V770
MCC18C8F1,TELMISARTAN 40MG + AMLODIPINE 5MG TAB,Tablet,Oral,BATCH2509,2023-03-05,2025-03-04,397,88,832,162.53,18,2,97,22,V874
ME969BE2E,PRAZOSIN 2.5MG,Other,Other,BATCH2541,2023-05-24,2025-05-23,310,53,838,137.05,16,2,58,19,V792
M7ADC7836,MICAFUNGIN 50MG INJ,Injection,Parenteral,BATCH2163,2023-01-08,2024-01-08,220,79,699,42.99,8,6,87,28,V565
MA14B212E,MONTELUKAST 10MG+ FEXOFENADINE 120MG TAB,Tablet,Oral,BATCH6083,2023-01-16,2025-01-15,382,28,957,131.38,14,2,31,27,V750
M3F570C5E,AMOXYCILLIN 200MG + CLAVULANIC ACID 28.5MG,Other,Other,BATCH1070,2023-04-22,2025-04-21,425,27,630,99.28,8,8,30,53,V456
M6E76EEFD,RACECADOTRIL 100MG CAP,Capsule,Oral,BATCH6151,2023-08-22,2025-08-21,220,82,220,90.67,16,8,90,14,V122
M5F55D659,HEPARIN 25000IU INJ,Injection,Parenteral,BATCH5282,2023-08-12,2024-08-11,145,86,684,26.86,16,7,95,9,V430
MF74838AB,TADALAFIL 20MG TAB,Tablet,Oral,BATCH5193,2023-11-13,2025-11-12,354,95,822,106.07,18,3,105,20,V732
M91CFA725,BENZYDAMINE 0.15%W/V,Other,Other,BATCH7112,2023-12-27,2025-12-26,51,45,280,24.49,12,8,50,4,V681
M97013AB7,LEVETIRACETAM 250MG TAB,Tablet,Oral,BATCH5703,2023-08-19,2025-08-18,283,21,283,37.03,10,7,23,28,V990
M1AFBB965,MONTELUKAST 10MG TAB,Tablet,Oral,BATCH7549,2023-04-22,2025-04-21,307,98,418,30.85,4,5,108,77,V996
MD37FEA7B,MOISTURIZING LOTION,Other,Other,BATCH7874,2023-09-25,2025-09-24,213,68,875,191.05,13,2,75,16,V318
MD08325BC,BASILIXIMAB 20 MG,Other,Other,BATCH9280,2023-04-22,2025-04-21,497,39,621,60.55,11,6,43,45,V108
MA7125BA9,L-ARGININE 5GM POWDER,Powder,Bulk/Raw Material,BATCH8192,2023-06-05,2025-06-04,447,81,981,74.26,10,8,89,45,V346
MC66F4806,CIPROFLOXACIN 500MG,Other,Other,BATCH5658,2023-03-16,2025-03-15,67,92,898,67.81,13,2,101,5,V887
M8BA7E8A4,CYCLOPHOSPHAMIDE INJ 200MG,Injection,Parenteral,BATCH5428,2023-04-03,2024-04-02,143,42,643,180.16,17,2,46,8,V831
MED18CCA5,UROMITEXAN 200MG INJ,Injection,Parenteral,BATCH3121,2023-06-18,2024-06-17,143,81,743,114.78,3,5,89,48,V188
M97E75B23,ORCIPRENALINE 10MG,Other,Other,BATCH6395,2023-04-26,2025-04-25,453,83,464,184.24,9,6,91,50,V244
M08BEADA5,POLYMYXIN B INJ 500000IU,Injection,Parenteral,BATCH2252,2023-10-14,2024-10-13,272,60,272,63.49,14,5,66,19,V606
M3A427B3F,INSULIN ASPART 1.05MG + INSULIN DEGLUDEC 2.56MG INJ,Injection,Parenteral,BATCH9380,2023-12-12,2024-12-11,377,70,518,27.39,16,5,77,24,V693
M80DD9050,AZITHROMYCIN 500MG TAB,Tablet,Oral,BATCH8604,2023-02-01,2025-01-31,414,41,673,113.46,15,4,45,28,V983
M61599B42,DOCETAXEL 80MG INJ,Injection,Parenteral,BATCH2077,2023-12-26,2024-12-25,345,94,345,72.38,16,2,103,22,V778
M97665915,MULTIVITAMIN WITH ZINC AND CURCUMA LONGA EXTRACT TAB,Tablet,Oral,BATCH8072,2023-09-03,2025-09-02,90,98,377,161.37,17,2,108,5,V290
M66AC2E3C,LEVOCETIRIZINE 5MG,Other,Other,BATCH2053,2023-04-02,2025-04-01,113,98,211,176.49,19,2,108,6,V133
M46B1D0B1,GLICLAZIDE 60MG,Other,Other,BATCH7490,2023-01-07,2025-01-06,227,78,787,97.15,12,7,86,19,V669
M8E0EF863,SULPHAMETHOXAZOLE 800MG + TRIMETHOPRIM 160MG TAB,Tablet,Oral,BATCH1789,2023-07-02,2025-07-01,202,23,919,194.42,5,8,25,40,V597
MD8297C74,DOPAMINE 200MG INJ,Injection,Parenteral,BATCH5393,2023-12-13,2024-12-12,386,49,861,112.84,11,5,54,35,V928
M589DDCD9,EPTIFIBATIDE 0.75MG/ML,Other,Other,BATCH6920,2023-04-14,2025-04-13,120,55,503,57.83,14,2,61,9,V617
M37F4AE21,GLIPIZIDE 5MG + METFORMIN 500MG,Other,Other,BATCH7558,2023-10-09,2025-10-08,217,96,674,100.35,2,5,106,108,V550
MF3A5C09B,DEXTROMETHORPHAN HYDROBROMIDE 100ML SYP,Other,Other,BATCH4767,2023-01-02,2025-01-01,156,63,968,12.28,15,9,69,10,V372
M1424050B,QUETIAPINE 50MG TAB,Tablet,Oral,BATCH9293,2023-11-04,2025-11-03,134,62,673,161.78,11,3,68,12,V177
M806581CE,PANCREATIN 150MG,Other,Other,BATCH7968,2023-08-11,2025-08-10,127,31,436,24.78,18,5,34,7,V887
MB1BC3A80,AZITHROMYCIN 500MG TAB,Tablet,Oral,BATCH2874,2023-10-02,2025-10-01,137,83,470,65.21,5,6,91,27,V842
M0ABBC5D5,HUMAN ALBUMIN LOW SALT 20% 100ML IV FLUID,Other,Other,BATCH7040,2023-11-19,2025-11-18,303,46,781,115.24,18,4,51,17,V246
M9D1F2777,TACROLIMUS 0.5MG CAP,Capsule,Oral,BATCH7574,2023-06-06,2025-06-05,234,27,557,13.38,9,5,30,26,V732
M27630613,VITAMIN C 5 ML INJ,Injection,Parenteral,BATCH4002,2023-12-09,2024-12-08,245,99,869,20.47,11,5,109,22,V427
M4DB7E768,OXYMETAZOLINE HCL,Other,Other,BATCH7643,2023-06-11,2025-06-10,265,35,891,140.74,13,5,38,20,V492
M7DEDEDC7,TRIHEXIPHENIDYL 2MG,Other,Other,BATCH9084,2023-03-12,2025-03-11,228,21,228,19.0,12,7,23,19,V862
M93B3816A,METHOTREXATE 1GM INJ,Injection,Parenteral,BATCH8353,2023-02-01,2024-02-01,437,26,778,98.03,18,6,29,24,V856
MCC39A676,SULPHAMETHOXAZOLE 200MG + TRIMETHOPRIM 40MG,Other,Other,BATCH7862,2023-04-04,2025-04-03,286,56,495,71.05,4,2,62,72,V271
M35583C8C,PHENYTOIN 50MG/2ML,Other,Other,BATCH6709,2023-05-24,2025-05-23,339,28,615,49.48,14,2,31,24,V376
M54EDF2AC,RACECADOTRIL 10GM POWDER,Powder,Bulk/Raw Material,BATCH3434,2023-02-01,2025-01-31,382,87,411,41.81,19,5,96,20,V838
M5FA2674D,CYCLOPHOSPHAMIDE 200MG,Other,Other,BATCH8156,2023-02-14,2025-02-13,360,60,494,153.87,5,9,66,72,V924
MA98AEF8B,DICLOFENAC+TRYPSIN TAB,Tablet,Oral,BATCH4277,2023-04-14,2025-04-13,110,45,464,190.55,5,2,50,22,V171
M253171FF,L-ORNITHINE + L-ASPARATE 5GM POWDER,Powder,Bulk/Raw Material,BATCH5789,2023-01-09,2025-01-08,240,20,240,32.34,10,2,22,24,V849
M1DAA55BC,MOXIFLOXACIN 400MG TAB,Tablet,Oral,BATCH3829,2023-05-12,2025-05-11,124,58,826,192.14,14,7,64,9,V539
M11D3B18D,BACLOFEN 5MG TAB,Tablet,Oral,BATCH3816,2023-07-22,2025-07-21,235,32,314,120.98,19,5,35,12,V630
M2BF7FB5B,SPIRONOLACTONE 100MG,Other,Other,BATCH2418,2023-06-23,2025-06-22,343,98,500,130.12,16,3,108,21,V167
M4CB06FF8,GLIBENCLAMIDE 5MG +METFORMIN 500MG TAB,Tablet,Oral,BATCH9650,2023-07-08,2025-07-07,231,43,354,143.44,16,3,47,14,V711
MEDFC4B07,PANTOPRAZOLE 20MG TAB,Tablet,Oral,BATCH2329,2023-03-09,2025-03-08,159,57,328,142.3,9,7,63,18,V709
M714E8EA4,ONDANSETRON 2MG/5ML,Other,Other,BATCH1776,2023-08-07,2025-08-06,465,21,498,164.86,13,6,23,36,V695
M7E0C49B4,ETORICOXIB 60MG + THIOCOLCHICOSIDE 4MG,Other,Other,BATCH9424,2023-11-13,2025-11-12,82,30,935,99.28,5,7,33,16,V810
M6F79D498,VANCOMYCIN 500MG INJ,Injection,Parenteral,BATCH5994,2023-11-19,2024-11-18,160,36,955,109.0,9,4,40,18,V950
M669FA944,NUTRITION FOR HEPATIC PATIENTS 400GM POWDER,Powder,Bulk/Raw Material,BATCH4940,2023-05-07,2025-05-06,496,24,505,68.15,4,6,26,124,V864
ME73F94A6,BLEOMYCIN 15IU INJ,Injection,Parenteral,BATCH7636,2023-09-09,2024-09-08,378,78,604,25.53,1,8,86,378,V769
M4CC7BB50,CHOLECALCIFEROL 600000 IU,Other,Other,BATCH4449,2023-03-26,2025-03-25,89,95,988,134.6,17,4,105,5,V982
MF75BD3F9,DICLOFENAC 12.5MG SUPPOSITORY,Other,Other,BATCH2151,2023-06-02,2025-06-01,387,98,387,11.55,16,5,108,24,V706
MBC73D71A,METHYL PREDNISOLONE 4MG TAB,Tablet,Oral,BATCH7566,2023-06-13,2025-06-12,486,41,955,58.75,10,3,45,49,V704
MF129DD1B,OSELTAMIVIR 75 MG,Other,Other,BATCH2583,2023-11-20,2025-11-19,94,83,284,23.37,1,7,91,94,V587
M1EE5C22E,GUAIFENESIN 50MG + TERBUTALINE SULPHATE 1.25MG + BROMHEXINE 4MG,Other,Other,BATCH5976,2023-03-05,2025-03-04,236,60,380,42.19,2,2,66,118,V791
M6860EEBA,CHLORDIAZEPOXIDE 10MG,Other,Other,BATCH9540,2023-08-02,2025-08-01,260,23,470,129.55,3,3,25,87,V164
M5EB43F35,TACROLIMUS 1MG CAP,Capsule,Oral,BATCH9424,2023-04-04,2025-04-03,108,27,229,127.55,14,7,30,8,V554
M0AB84F46,AMOXYCILLIN 400MG/5ML + CLAVULANIC ACID 57MG/5ML,Other,Other,BATCH4246,2023-01-25,2025-01-24,140,63,852,87.11,4,2,69,35,V482
M504297E4,ZINC ACETATE 197.86+ELEMENTAL ZINC 50MG TAB,Tablet,Oral,BATCH8021,2023-02-01,2025-01-31,128,53,884,22.58,5,9,58,26,V920
M5D4760C7,PANCREATIN 300MG,Other,Other,BATCH6513,2023-12-06,2025-12-05,133,20,506,89.51,17,5,22,8,V165
M83477E57,ISAVUCONAZOLE,Other,Other,BATCH5313,2023-10-01,2025-09-30,231,94,869,73.79,17,5,103,14,V678
MA0BDA51F,ESCITALOPRAM 10MG,Other,Other,BATCH2259,2023-02-03,2025-02-02,258,78,818,145.49,15,6,86,17,V265
M8A1FF421,THYROXINE SODIUM 125MCG TAB,Tablet,Oral,BATCH4386,2023-09-17,2025-09-16,157,60,841,117.91,6,7,66,26,V894
M92689ACF,CASPOFUNGIN 70MG,Other,Other,BATCH6866,2023-06-07,2025-06-06,180,98,842,100.86,12,5,108,15,V865
MC3968BA9,NICORANDIL 5MG TAB,Tablet,Oral,BATCH9878,2023-02-16,2025-02-15,136,97,658,99.96,4,9,107,34,V311
MC7268F4B,OMEGA 3 FATTY ACIDS + EXTRACTS OF GREEN TEA + GINKGO + GINSENG + GRAPE SEED + ANTIOXIDANTS + VITAMINS + MINERALS + TRACE ELEMENTS,Other,Other,BATCH1044,2023-03-16,2025-03-15,288,97,288,193.43,17,9,107,17,V883
MF5E5B8FB,RECOMBINAT HUMAN EPIDERMAL GROUTH FACTOR 150MCG GEL,Other,Other,BATCH7459,2023-09-23,2025-09-22,145,40,938,152.48,2,3,44,72,V546
MD329E3E7,MIDAZOLAM 7.5MG INJ,Injection,Parenteral,BATCH8616,2023-06-01,2024-05-31,458,90,686,101.91,15,7,99,31,V972
MDA3E10F7,ESOMEPRAZOLE 20MG + DOMPERIDONE 30MG,Other,Other,BATCH9559,2023-04-24,2025-04-23,292,60,921,98.45,10,4,66,29,V756
M56475AF0,HYDROXYETHYL STARCH 6% + SODIUM CHLORIDE 0.9% 500ML IV FLUID,Other,Other,BATCH4813,2023-07-17,2025-07-16,411,78,967,10.16,15,9,86,27,V130
M68FF1C1F,TRYPSIN CHYMOTRYPSIN TAB,Tablet,Oral,BATCH2066,2023-06-05,2025-06-04,336,88,349,188.79,9,4,97,37,V282
MABD39C9A,VANCOMYCIN 1GM INJ,Injection,Parenteral,BATCH3438,2023-11-21,2024-11-20,169,33,521,67.24,4,4,36,42,V462
MCE1A75A7,ESOMEPRAZOLE  + DOMPERIDONE,Other,Other,BATCH8653,2023-12-24,2025-12-23,320,55,353,54.91,15,7,61,21,V289
M6D6FE003,CAFFEINE 20MG/ML,Other,Other,BATCH8900,2023-04-07,2025-04-06,173,30,240,199.88,12,8,33,14,V219
M1E6C5422,ISONIAZID 300MG,Other,Other,BATCH6733,2023-03-25,2025-03-24,103,42,973,145.14,9,3,46,11,V979
M1D5A7A9A,CITICOLINE 500MG + PIRACETAM 800MG,Other,Other,BATCH2104,2023-07-13,2025-07-12,164,53,938,14.24,8,6,58,20,V881
M486EEBA7,ATORVASTATIN 80MG,Other,Other,BATCH2097,2023-12-17,2025-12-16,174,88,945,17.07,7,4,97,25,V490
MEE42ED44,METRONIDAZOLE 400MG TAB,Tablet,Oral,BATCH5303,2023-11-27,2025-11-26,110,89,906,9.97,10,6,98,11,V293
M3766865C,POLYETHYLENE GLYCOL 118GM+ POTASSIUM CHLORIDE 1.484GM+ SODIUM BICARBONATE 3.37GM,Other,Other,BATCH6293,2023-01-10,2025-01-09,60,51,719,121.93,5,6,56,12,V263
M5C34FDF7,NEBIVOLOL 2.5MG TAB,Tablet,Oral,BATCH1291,2023-09-22,2025-09-21,474,46,617,18.96,6,9,51,79,V923
MA2DC728E,ISOSORBIDE MONONITRATE 30MG,Other,Other,BATCH7174,2023-02-09,2025-02-08,281,62,993,187.01,6,9,68,47,V397
M67998F92,TRICLOFOS 5MG/ ML,Other,Other,BATCH5900,2023-07-22,2025-07-21,230,92,641,187.7,1,7,101,230,V111
MEA6356BB,DICLOFENAC 0.1% PATCH,Other,Other,BATCH1110,2023-02-17,2025-02-16,468,98,713,111.48,18,7,108,26,V457
MD7209713,DOXYCYCLINE 100MG INJ,Injection,Parenteral,BATCH1861,2023-04-06,2024-04-05,151,38,369,125.24,5,9,42,30,V508
M57E50545,BOVINE COLOSTRUM 25GM POWDER,Powder,Bulk/Raw Material,BATCH5088,2023-07-12,2025-07-11,231,34,797,61.92,4,3,37,58,V660
M0EB663B3,OLANZAPINE 5MG,Other,Other,BATCH7502,2023-08-09,2025-08-08,431,76,855,17.47,3,7,84,144,V404
M356A563F,METHOTREXATE 50MG INJ,Injection,Parenteral,BATCH8427,2023-10-03,2024-10-02,334,44,742,148.8,19,8,48,18,V929
M8D206614,CEFEPIME 1GM,Other,Other,BATCH4881,2023-11-01,2025-10-31,229,35,598,24.85,10,3,38,23,V678
MF57A72DF,GLYCERYL TRINITRATE 2.6MG,Other,Other,BATCH3657,2023-09-10,2025-09-09,165,22,358,21.68,7,9,24,24,V986
M5F31A983,PEMBROLIZUMAB,Other,Other,BATCH9713,2023-05-01,2025-04-30,65,52,227,65.69,8,7,57,8,V429
MD3F80CF0,FERROUS ASCORBATE 100MG + FOLIC ACID 1.1MG,Other,Other,BATCH5126,2023-09-05,2025-09-04,88,51,701,7.43,2,4,56,44,V685
M5BB4BEBB,ETOMIDATE 2MG/ML,Other,Other,BATCH3838,2023-08-20,2025-08-19,122,65,746,89.64,6,5,72,20,V428
MCCF141D7,RIFABUTIN 150MG CAP,Capsule,Oral,BATCH4980,2023-11-20,2025-11-19,403,36,818,143.0,5,5,40,81,V729
MFE132EB2,HUMAN GAMMA GLOBULIN 50ML INJ,Injection,Parenteral,BATCH1108,2023-04-20,2024-04-19,337,77,960,161.26,16,9,85,21,V770
M104EFBFA,KETOROLAC 10MG TAB,Tablet,Oral,BATCH3717,2023-10-09,2025-10-08,245,74,597,122.84,2,9,81,122,V389
M045082DE,LACOSAMIDE 100MG TAB,Tablet,Oral,BATCH5639,2023-02-25,2025-02-24,402,56,863,170.14,9,8,62,45,V942
M77BD2074,BISOPROLOL FUMARATE 2.5MG,Other,Other,BATCH9265,2023-02-17,2025-02-16,122,34,773,84.27,16,7,37,8,V870
MEB877A47,ALFACALCIDOL 0.25MCG,Other,Other,BATCH7643,2023-03-04,2025-03-03,144,60,421,170.51,16,2,66,9,V904
MFDDF9402,DIHYDRALAZINE 25MG TAB,Tablet,Oral,BATCH8030,2023-10-04,2025-10-03,226,73,876,103.76,10,9,80,23,V295
MFF4C82F7,FERRIC CITRATE 210MG,Other,Other,BATCH5903,2023-09-19,2025-09-18,242,49,242,48.49,5,3,54,48,V745
MA3A0F0C5,L-GLUTAMIC ACID 10GM + ELEMENTAL ZINC 3.3MG + ELEMENTAL SELENIUM 40MCG POWDER,Powder,Bulk/Raw Material,BATCH1995,2023-01-05,2025-01-04,326,41,679,189.11,7,3,45,47,V195
M3CCFFED1,IBANDRONIC ACID 150MG TAB,Tablet,Oral,BATCH4517,2023-10-14,2025-10-13,432,60,952,58.62,5,2,66,86,V194
M8BF6623D,MAGNESIUM SULPHATE POWDER,Powder,Bulk/Raw Material,BATCH9972,2023-02-27,2025-02-26,161,48,727,10.11,13,9,53,12,V974
MBACD3AAE,LIQUID PARAFFIN 1.25ML + MAGNESIUM HYDROXIDE + SODIUM PICOSULPHAT 3.33MG/5ML,Other,Other,BATCH1397,2023-04-01,2025-03-31,431,52,949,52.32,6,5,57,72,V237
M929711B2,ETOPOSIDE  100 MG/5ML,Other,Other,BATCH8911,2023-12-01,2025-11-30,82,47,244,76.5,12,3,52,7,V876
ME841B887,VALSARTAN 40MG TAB,Tablet,Oral,BATCH7159,2023-07-27,2025-07-26,152,44,625,73.51,13,2,48,12,V487
MF237C8E7,CHLORPHENIRAMINE MALEATE 1MG + PARACETAMOL 125MG + PHENYLEPHRINE 2.5MG TAB,Tablet,Oral,BATCH3554,2023-07-16,2025-07-15,285,77,824,107.31,18,5,85,16,V372
M40D9D8D7,PROGESTERONE 8%,Other,Other,BATCH8001,2023-05-04,2025-05-03,72,56,713,177.21,8,7,62,9,V166
M615F3B16,SAROGLITAZAR 4MG,Other,Other,BATCH8531,2023-07-25,2025-07-24,436,57,904,62.01,19,9,63,23,V706
MDB27490C,ASPRIN GASTRO-RESISTANT,Other,Other,BATCH1388,2023-02-24,2025-02-23,440,72,570,106.55,8,6,79,55,V748
M8BC724EF,GLIMEPRIDE 2MG + METFORMIN 500MG + VOGLIBOSE 0.2MG TAB,Tablet,Oral,BATCH1957,2023-05-15,2025-05-14,293,48,746,71.33,13,6,53,23,V519
MDB6D7DA9,PHOSPHOROUS 93MG + POTASSIUM 170MG/ML,Other,Other,BATCH6991,2023-02-17,2025-02-16,187,28,535,165.25,13,8,31,14,V828
MD1691E54,SODIUM ALGINATE + SODIUM BICARBONATE + CALCIUM CARBONATE,Other,Other,BATCH9990,2023-03-08,2025-03-07,94,88,897,35.73,16,9,97,6,V390
MF70304C0,MEROPENEM 250MG INJ,Injection,Parenteral,BATCH1215,2023-09-02,2024-09-01,295,24,295,25.18,9,4,26,33,V595
MDDBF92D2,CARBOPLATIN 150MG,Other,Other,BATCH6990,2023-06-17,2025-06-16,291,65,403,103.08,16,9,72,18,V357
M5283FD6A,GLIMEPRIDE 2MG + METFORMIN 500MG,Other,Other,BATCH2228,2023-02-08,2025-02-07,277,41,277,136.02,7,6,45,40,V623
M655CADF6,THYROXINE SODIUM 125MCG TAB,Tablet,Oral,BATCH6850,2023-05-18,2025-05-17,321,37,761,160.13,10,9,41,32,V222
M3EED3CAC,TENECTEPLASE 40MG INJ,Injection,Parenteral,BATCH6609,2023-12-23,2024-12-22,107,23,386,119.98,10,2,25,11,V528
M63F7705F,PENICILLAMINE 250MG,Other,Other,BATCH1813,2023-03-01,2025-02-28,104,92,453,155.9,14,2,101,7,V593
MEAB58B17,LEVOCETRIZINE 5MG + MONTELUKAST 10MG TAB,Tablet,Oral,BATCH7125,2023-01-17,2025-01-16,401,54,869,81.58,12,9,59,33,V600
M119CE35D,HYDROXYCHLOROQUINE SULPHATE 200MG TAB,Tablet,Oral,BATCH9072,2023-02-07,2025-02-06,121,47,488,11.41,2,7,52,60,V501
M26E3DA1C,GUAIFENESIN 50MG + TERBUTALINE SULPHATE 1.25MG + BROMHEXINE 4MG + MENTHOL 2.5MG,Other,Other,BATCH8770,2023-11-24,2025-11-23,316,79,316,27.64,16,3,87,20,V678
M38062400,GELATIN 4G + SODIUM CHLORIDE 0.7G + SODIUM HYDROXIDE 0.136G/100 ML,Other,Other,BATCH1260,2023-11-07,2025-11-06,97,23,216,12.55,15,9,25,6,V560
MCD10EBCF,POSACONAZOLE 100MG,Other,Other,BATCH3213,2023-08-17,2025-08-16,377,65,381,69.14,2,2,72,188,V354
M6404799A,MEGESTROL ACETATE 160MG TAB,Tablet,Oral,BATCH3167,2023-03-15,2025-03-14,488,59,931,101.62,19,7,65,26,V293
M13FA0C07,POLYVINYL ALCOHOL 14MG + POVIDONE 6MG + CHLORBUTOL 5MG/ML,Other,Other,BATCH5079,2023-07-11,2025-07-10,248,64,638,74.48,13,3,70,19,V682
M39974039,RAMIPRIL 2.5MG TAB,Tablet,Oral,BATCH2287,2023-10-19,2025-10-18,75,29,995,114.32,2,2,32,38,V943
M2FC6B7EB,METOPROLOL 50MG + AMLODIPINE 5MG TAB,Tablet,Oral,BATCH8688,2023-07-20,2025-07-19,372,96,372,98.72,10,8,106,37,V777
MB3AFCBE8,COENZYME Q10 + OMEGA 3 FATTY ACID 300MG + VITAMIN E 100MG,Other,Other,BATCH7990,2023-10-16,2025-10-15,134,39,481,137.2,16,8,43,8,V674
M1CB2513B,PYRAZINAMIDE 1000MG,Other,Other,BATCH8274,2023-04-21,2025-04-20,287,74,330,135.06,6,2,81,48,V928
M0ECFB31B,SERTACONAZOLE 2%W/V + ZINC PYRITHIONE 1%W/V,Other,Other,BATCH2783,2023-09-27,2025-09-26,493,79,518,67.02,18,2,87,27,V908
M86543524,MULTIVITAMIN + MULTIMINERAL + ANTIOXIDANTS + METHYLCOBALAMIN 200ML SYRUP,Syrup,Oral Liquid,BATCH1131,2023-02-12,2025-02-11,385,47,650,72.51,8,6,52,48,V555
MD3A9E0FD,MODAFINIL 100MG TAB,Tablet,Oral,BATCH9194,2023-12-14,2025-12-13,70,30,846,119.1,5,2,33,14,V198
MD7D71A53,PEGFILGRASTIM 6MG,Other,Other,BATCH3599,2023-12-01,2025-11-30,419,43,494,121.3,7,7,47,60,V670
